time,engineLoad,coolantTemp,rpm,speed,intakeTemp,maf,throttlePos,ambiantTemp,xG,yG,zG,gpsSpeed,gpsLat,gpsLon,gpsAlt,gpsClimb
13:46:17.595867,29.41176470588235,78,1140.0,0.0,56,9.44,0.0,,-0.126953125,0.18212890625,0.9873046875,0.5748926291,37.449528333,-121.893908333,2.8,-0.22369363
13:46:17.700249,29.41176470588235,78,1140.0,0.0,56,9.44,0.0,,-0.05615234375,0.19091796875,0.98876953125,0.29974946420000004,37.449526667,-121.893905,2.7,-0.22369363
13:46:17.821709,29.41176470588235,78,1140.0,0.0,56,9.44,0.0,,-0.0966796875,0.16845703125,0.93701171875,0.29974946420000004,37.449526667,-121.893905,2.7,-0.22369363
13:46:17.926885,29.41176470588235,78,1140.0,0.0,56,9.44,0.0,,-0.0615234375,0.18408203125,0.97216796875,0.8522727303000001,37.449528333,-121.893903333,2.7,0.0
13:46:18.031151,29.41176470588235,78,1140.0,0.0,56,9.44,0.0,,-0.11962890625,0.19384765625,0.97314453125,0.760558342,37.449526667,-121.893898333,2.7,0.0
13:46:18.135809,29.41176470588235,78,1140.0,0.0,56,9.44,0.0,,-0.1044921875,0.17236328125,0.98095703125,0.5637079476,37.449508333,-121.893883333,2.4,-0.6710808899999999
13:46:18.240095,29.41176470588235,78,1140.0,0.0,56,9.44,0.0,,-0.0595703125,0.20556640625,0.98193359375,0.3690944895,37.449511667,-121.89387,2.9,1.11846815
13:46:18.344702,28.235294117647058,78,1140.0,0.0,56,9.44,0.0,,-0.1220703125,0.2080078125,0.974609375,0.4943629223,37.449511667,-121.89387,3.1,0.44738726
13:46:18.448955,28.235294117647058,78,1140.0,0.0,56,9.44,0.0,,-0.06689453125,0.1787109375,0.962890625,0.4943629223,37.449511667,-121.89387,3.1,0.44738726
13:46:18.554074,28.235294117647058,78,1140.0,0.0,56,9.44,0.0,,-0.125,0.22119140625,1.0009765625,0.5055476038,37.449511667,-121.893866667,3.3,0.44738726
13:46:18.658913,28.235294117647058,78,1140.0,0.0,56,9.44,0.0,,-0.06103515625,0.1787109375,0.96533203125,0.425017897,37.44951,-121.893868333,3.3,0.0
13:46:18.763423,28.235294117647058,78,1140.0,0.0,56,9.44,0.0,,-0.10791015625,0.2001953125,0.95849609375,0.1946134581,37.44951,-121.89387,3.3,0.0
13:46:18.868205,28.235294117647058,78,1140.0,0.0,55,9.44,0.0,,-0.08056640625,0.1640625,0.9462890625,0.1140837513,37.449508333,-121.89387,3.3,0.0
13:46:18.972647,28.235294117647058,78,1140.0,0.0,55,9.44,0.0,,-0.08203125,0.19775390625,0.9921875,0.0693450253,37.449508333,-121.89387,3.3,0.0
13:46:19.077305,28.235294117647058,78,1140.0,0.0,55,9.44,0.0,,-0.126953125,0.1787109375,0.9853515625,0.0693450253,37.449508333,-121.89387,3.3,0.0
13:46:19.182352,28.235294117647058,78,1102.0,0.0,55,9.44,0.0,,-0.06298828125,0.2080078125,0.982421875,0.1386900506,37.449508333,-121.89387,3.3,0.0
13:46:19.286709,28.235294117647058,78,1102.0,0.0,55,9.44,0.0,,-0.125,0.201171875,0.96923828125,0.14987473210000002,37.44951,-121.89387,3.3,0.0
13:46:19.391220,28.235294117647058,78,1102.0,0.0,55,9.86,0.0,,-0.07861328125,0.20751953125,0.99853515625,0.16105941359999998,37.44951,-121.893868333,3.4,0.22369363
13:46:19.495466,28.235294117647058,78,1102.0,0.0,55,9.86,0.0,,-0.0703125,0.17333984375,0.9599609375,0.2080350759,37.44951,-121.893868333,3.4,0.0
13:46:19.600267,28.235294117647058,78,1102.0,0.0,55,9.86,0.0,,-0.10546875,0.21533203125,0.9619140625,0.3333035087,37.44951,-121.893866667,3.4,0.0
13:46:19.704691,28.235294117647058,78,1102.0,0.0,55,9.86,0.0,,-0.06396484375,0.1884765625,0.94775390625,0.3333035087,37.44951,-121.893866667,3.4,0.0
13:46:19.809939,28.235294117647058,78,1102.0,0.0,55,9.86,0.0,,-0.140625,0.20751953125,1.0048828125,0.2080350759,37.449511667,-121.893866667,3.4,0.0
13:46:19.914532,28.235294117647058,78,1102.0,0.0,55,9.86,0.0,,-0.0732421875,0.17724609375,0.9873046875,0.2751431649,37.449511667,-121.893865,3.4,0.0
13:46:20.018907,28.235294117647058,78,1102.0,0.0,55,9.86,0.0,,-0.10546875,0.2060546875,0.9853515625,0.21921975740000002,37.449511667,-121.893863333,3.4,0.0
13:46:20.123684,28.235294117647058,78,1102.0,0.0,55,9.86,0.0,,-0.0537109375,0.18408203125,0.97314453125,0.0917143883,37.449511667,-121.893863333,3.4,0.0
13:46:20.227945,29.80392156862745,78,1102.0,0.0,55,9.86,0.0,,-0.0849609375,0.15673828125,0.97607421875,0.2527738019,37.44951,-121.893861667,3.4,0.0
13:46:20.332500,29.80392156862745,78,1102.0,0.0,55,9.86,0.0,,-0.1181640625,0.18798828125,0.94091796875,0.2527738019,37.44951,-121.893861667,3.4,0.0
13:46:20.437731,29.80392156862745,78,1102.0,0.0,55,9.86,0.0,,-0.10400390625,0.212890625,1.0302734375,0.2751431649,37.449511667,-121.89386,3.4,0.0
13:46:20.542033,29.80392156862745,78,1102.0,0.0,55,9.86,0.0,,-0.05859375,0.197265625,0.984375,0.2415891204,37.449511667,-121.89386,3.4,0.0
13:46:20.646925,29.80392156862745,78,1102.0,0.0,55,9.86,0.0,,-0.103515625,0.2001953125,0.98974609375,0.1946134581,37.449511667,-121.893858333,3.5,0.22369363
13:46:20.751344,29.80392156862745,78,1102.0,0.0,54,9.86,0.0,,-0.07958984375,0.181640625,0.974609375,0.12750536910000002,37.44951,-121.893856667,3.5,0.0
13:46:20.856118,29.80392156862745,78,1102.0,0.0,54,9.86,0.0,,-0.1201171875,0.1875,0.935546875,0.12750536910000002,37.44951,-121.893856667,3.5,0.0
13:46:20.960267,29.80392156862745,78,1102.0,0.0,54,9.86,0.0,,-0.1357421875,0.216796875,1.0009765625,0.12750536910000002,37.44951,-121.893856667,3.5,0.0
13:46:21.065326,29.80392156862745,78,1059.0,0.0,54,9.86,0.0,,-0.0830078125,0.20166015625,0.98291015625,0.14987473210000002,37.44951,-121.893856667,3.5,0.0
13:46:21.170061,29.80392156862745,78,1059.0,0.0,54,9.86,0.0,,-0.1171875,0.20849609375,0.98876953125,0.2080350759,37.44951,-121.893858333,3.5,0.0
13:46:21.274713,29.80392156862745,78,1059.0,0.0,54,7.5,0.0,,-0.07177734375,0.19189453125,0.9599609375,0.21921975740000002,37.449508333,-121.893858333,3.5,0.0
13:46:21.379280,29.80392156862745,78,1059.0,0.0,54,7.5,0.0,,-0.0849609375,0.18212890625,0.97705078125,0.10289906979999999,37.44951,-121.89386,3.5,0.0
13:46:21.743869,32.94117647058823,77,1059.0,0.0,54,7.5,0.0,,-0.09814453125,0.19970703125,1.0029296875,0.2415891204,37.44951,-121.893858333,3.5,0.0
13:46:22.686216,32.94117647058823,77,1059.0,0.0,54,15.0,0.0,,-0.1025390625,0.16943359375,1.064453125,0.2415891204,37.44951,-121.893858333,3.5,0.0
13:46:23.876899,32.94117647058823,77,1176.0,0.0,54,15.0,0.0,,-0.11474609375,0.21533203125,0.95947265625,0.08052970679999999,37.44951,-121.893858333,3.5,0.0
13:46:23.981412,37.64705882352941,77,1176.0,1.242742,53,15.0,0.0,,-0.05078125,0.22021484375,0.958984375,0.2639584834,37.44951,-121.893856667,3.5,0.0
13:46:24.705548,37.64705882352941,77,1176.0,1.242742,53,12.29,0.0,,-0.12451171875,0.22412109375,0.94140625,0.4719935593,37.44951,-121.893858333,3.5,0.0
13:46:25.689162,37.64705882352941,77,1062.0,0.0,53,12.29,0.0,,-0.07568359375,0.21044921875,0.99267578125,0.3690944895,37.449511667,-121.89386,3.5,0.0
13:46:26.716663,37.64705882352941,77,1067.0,0.0,53,11.94,0.0,,-0.1064453125,0.23876953125,0.99609375,0.2639584834,37.449513333,-121.89386,3.5,0.0
13:46:27.749069,36.470588235294116,77,1067.0,0.0,52,11.94,0.0,,-0.126953125,0.2158203125,0.9912109375,0.2639584834,37.449513333,-121.89386,3.5,0.0
13:46:28.844802,36.470588235294116,77,1082.0,0.0,52,12.22,0.0,,-0.0625,0.23046875,1.0048828125,0.3444881902,37.449513333,-121.89386,3.5,0.0
13:46:28.949653,32.15686274509804,77,1082.0,0.0,52,12.22,0.0,,-0.1279296875,0.2021484375,0.98681640625,0.3333035087,37.449515,-121.89386,3.5,0.0
13:46:29.753054,32.15686274509804,77,1082.0,0.0,52,12.22,0.0,,-0.02783203125,0.19140625,0.9130859375,0.380279171,37.449516667,-121.89386,3.6,0.22369363
13:46:30.703296,43.13725490196079,77,1236.0,0.0,52,16.94,0.0,,-0.11279296875,0.2685546875,1.02197265625,0.5055476038,37.449516667,-121.893858333,3.6,0.0
13:46:31.689080,43.13725490196079,77,1236.0,1.8641130000000001,52,8.05,0.0,,-0.1298828125,0.1953125,0.93994140625,0.8410880488,37.449516667,-121.893855,3.6,0.0
13:46:32.726742,29.80392156862745,77,1021.0,1.242742,52,8.05,0.0,,-0.0439453125,0.1875,0.96484375,0.8410880488,37.449516667,-121.893855,3.6,0.0
13:46:33.889704,29.80392156862745,77,1021.0,1.242742,52,8.05,0.0,,-0.0126953125,0.32421875,0.966796875,1.3690050156,37.449511667,-121.893843333,3.8,0.44738726
13:46:33.994442,29.80392156862745,77,1021.0,1.242742,52,23.19,5.882352941176471,,-0.0126953125,0.3115234375,0.962890625,1.5882247729999999,37.449505,-121.893833333,3.9,0.22369363
13:46:34.697570,55.68627450980392,77,1396.0,5.592339,52,23.19,5.882352941176471,,0.0126953125,0.294921875,0.9169921875,2.4964209108000004,37.449493333,-121.893816667,4.2,0.6710808899999999
13:46:35.763041,55.68627450980392,77,1396.0,5.592339,51,22.56,7.8431372549019605,,0.04248046875,0.3232421875,0.92822265625,3.6238368060000004,37.449471667,-121.893803333,4.3,0.22369363
13:46:36.707784,57.64705882352941,78,1311.0,11.806049,50,22.56,7.8431372549019605,,-0.0263671875,0.34716796875,1.09765625,8.8023443405,37.44944,-121.893788333,4.4,0.22369363
13:46:37.738387,57.64705882352941,78,1311.0,11.806049,50,31.11,11.764705882352942,,0.0048828125,0.3486328125,1.0009765625,8.8023443405,37.44944,-121.893788333,4.4,0.22369363
13:46:38.849247,57.64705882352941,78,1608.0,11.806049,50,31.11,11.764705882352942,,0.0458984375,0.28857421875,0.81689453125,11.828919154400001,37.449396667,-121.893773333,4.3,-0.22369363
13:46:38.954433,45.88235294117647,78,1608.0,16.777017,49,31.11,11.764705882352942,,-0.07275390625,0.4189453125,0.978515625,15.799481086899998,37.449338333,-121.893758333,4.2,-0.22369363
13:46:39.763752,45.88235294117647,78,1608.0,16.777017,49,11.59,0.0,,-0.03076171875,0.15673828125,0.87548828125,17.8485147377,37.44927,-121.893736667,4.1,-0.22369363
13:46:40.752685,39.21568627450981,78,2165.0,17.398388,49,11.59,0.0,,-0.04541015625,0.21240234375,0.9765625,18.1594488834,37.449198333,-121.893715,3.8,-0.6710808899999999
13:46:41.713386,39.21568627450981,78,2165.0,17.398388,49,20.2,1.9607843137254901,,-0.02001953125,0.33203125,1.017578125,18.1594488834,37.449125,-121.893691667,3.8,0.0
13:46:42.761010,41.96078431372549,78,1463.0,19.262501,49,20.2,1.9607843137254901,,-0.01611328125,0.26708984375,1.0380859375,18.1594488834,37.449125,-121.893691667,3.8,0.0
13:46:43.839916,41.96078431372549,78,1533.0,19.262501,49,20.2,1.9607843137254901,,-0.00390625,0.13818359375,0.92578125,19.3338404409,37.449048333,-121.893671667,3.7,-0.22369363
13:46:43.944506,41.96078431372549,78,1533.0,19.262501,49,5.69,0.0,,-0.17822265625,0.23828125,0.91845703125,19.805834000199997,37.44897,-121.893648333,3.6,-0.22369363
13:46:44.709866,14.117647058823529,78,1533.0,16.777017,50,5.69,0.0,,-0.15966796875,0.13671875,1.111328125,18.5956514619,37.448895,-121.893628333,3.6,0.0
13:46:45.752379,14.117647058823529,78,1260.0,16.777017,50,7.43,0.0,,-0.23291015625,0.1611328125,0.85791015625,16.1462062134,37.448825,-121.893616667,3.5,-0.22369363
13:46:46.698776,27.84313725490196,78,1260.0,13.670162,50,7.43,0.0,,-0.30224609375,0.16259765625,0.93359375,14.9248389936,37.448766667,-121.893588333,3.6,0.22369363
13:46:47.718508,37.64705882352941,78,1101.0,13.670162,50,10.69,0.0,,-0.45703125,0.3193359375,1.15576171875,14.9248389936,37.448766667,-121.893588333,3.6,0.22369363
13:46:48.887939,37.64705882352941,78,1101.0,13.670162,50,10.69,0.0,,-0.3173828125,0.30322265625,1.171875,16.4101646968,37.448718333,-121.893538333,3.6,0.0
13:46:48.992772,37.64705882352941,78,1101.0,13.670162,50,16.59,0.0,,-0.3701171875,0.41357421875,0.93017578125,15.1328740695,37.448698333,-121.893471667,3.7,0.22369363
13:46:49.741372,47.450980392156865,78,1137.0,13.670162,50,16.59,0.0,,-0.02197265625,0.18408203125,0.80712890625,15.7435576794,37.448705,-121.893401667,3.5,-0.44738726
13:46:50.761263,47.450980392156865,78,1137.0,15.534275000000001,49,18.26,0.0,,-0.0693359375,0.32470703125,0.95751953125,16.432534059800002,37.448723333,-121.893328333,3.9,0.89477452
13:46:51.681405,40.3921568627451,78,1323.0,15.534275000000001,49,18.26,0.0,,-0.00390625,0.1669921875,1.00927734375,17.112562695,37.44874,-121.893248333,4.5,1.3421617799999999
13:46:52.695017,40.3921568627451,78,1323.0,17.398388,49,16.11,0.0,,-0.0322265625,0.28515625,1.1220703125,17.112562695,37.44874,-121.893248333,4.5,1.3421617799999999
13:46:53.834334,40.3921568627451,78,1424.0,17.398388,49,16.11,0.0,,0.0166015625,0.18310546875,0.95654296875,17.3429671339,37.448756667,-121.893161667,5.1,1.3421617799999999
13:46:53.938864,35.68627450980392,79,1424.0,18.64113,49,16.11,0.0,,-0.119140625,0.294921875,0.94091796875,17.6874553241,37.448773333,-121.893073333,5.6,1.11846815
13:46:54.752218,35.68627450980392,79,1424.0,18.64113,49,11.18,0.0,,-0.037109375,0.232421875,0.92724609375,18.2064245457,37.448788333,-121.89298,6.2,1.3421617799999999
13:46:55.707497,22.745098039215687,79,1493.0,18.019759,49,11.18,0.0,,-0.25634765625,0.2451171875,1.07568359375,18.5285433729,37.448805,-121.89289,6.6,0.89477452
13:46:56.726176,22.745098039215687,79,1493.0,18.019759,49,11.45,0.0,,-0.2783203125,0.349609375,0.98388671875,18.4591983476,37.448826667,-121.892801667,6.9,0.6710808899999999
13:46:57.686646,34.90196078431372,79,1413.0,17.398388,49,11.45,0.0,,-0.34375,0.36328125,1.10400390625,18.4591983476,37.448826667,-121.892801667,6.9,0.6710808899999999
13:46:58.907321,34.90196078431372,79,1410.0,17.398388,49,11.45,0.0,,-0.4111328125,0.2705078125,0.970703125,17.1930924018,37.448865,-121.892726667,7.0,0.22369363
13:46:59.012272,34.90196078431372,79,1410.0,17.398388,49,13.05,0.0,,-0.3671875,0.24658203125,0.96435546875,13.980851874999999,37.44891,-121.892673333,7.2,0.44738726
13:46:59.690613,30.19607843137255,79,1410.0,17.398388,49,13.05,0.0,,-0.2353515625,0.28857421875,0.951171875,15.6965820171,37.44898,-121.892653333,7.1,-0.22369363
13:47:00.739997,30.19607843137255,79,1435.0,17.398388,49,12.91,0.0,,-0.0361328125,0.26513671875,1.0,17.5733715728,37.449061667,-121.892661667,7.0,-0.22369363
13:47:01.738497,28.627450980392158,79,1435.0,18.019759,49,12.91,0.0,,0.01318359375,0.15966796875,0.79638671875,17.8485147377,37.449133333,-121.892668333,6.8,-0.44738726
13:47:02.702188,27.84313725490196,79,1491.0,18.019759,49,12.77,0.0,,0.0146484375,0.1943359375,0.9921875,17.8485147377,37.449133333,-121.892668333,6.8,-0.44738726
13:47:03.880242,27.84313725490196,79,1491.0,18.64113,49,12.77,0.0,,-0.1279296875,0.353515625,1.04541015625,17.5733715728,37.449203333,-121.892678333,6.5,-0.6710808899999999
13:47:03.984858,27.84313725490196,79,1491.0,18.64113,49,12.77,0.0,,-0.0703125,0.318359375,1.07421875,17.3183608346,37.449273333,-121.892686667,5.9,-1.3421617799999999
13:47:04.684338,33.333333333333336,79,1530.0,18.64113,49,15.97,0.0,,-0.07568359375,0.20849609375,0.9453125,18.2735326347,37.449346667,-121.892698333,5.4,-1.11846815
13:47:05.691831,33.333333333333336,79,1530.0,19.883872,49,14.58,0.0,,-0.00048828125,0.12353515625,1.04736328125,19.7253042934,37.449425,-121.892711667,4.8,-1.3421617799999999
13:47:06.734433,28.627450980392158,79,1610.0,20.505243,49,14.58,0.0,,-0.00341796875,0.275390625,0.837890625,20.5641554059,37.449508333,-121.892728333,4.3,-1.11846815
13:47:07.683787,28.627450980392158,79,1610.0,20.505243,48,14.3,0.0,,-0.0986328125,0.318359375,0.974609375,20.5641554059,37.449508333,-121.892728333,4.3,-1.11846815
13:47:08.838299,28.627450980392158,79,1656.0,20.505243,48,14.3,0.0,,-0.10888671875,0.119140625,0.970703125,20.3695419478,37.449591667,-121.892743333,3.8,-1.11846815
13:47:08.943153,28.235294117647058,79,1656.0,21.126614,48,14.3,0.0,,-0.01953125,0.14111328125,0.939453125,20.714030138,37.449675,-121.892758333,3.4,-0.89477452
13:47:09.748701,28.235294117647058,79,1689.0,21.126614,48,13.4,0.0,,-0.12158203125,0.203125,1.1572265625,20.667054475700002,37.449758333,-121.892778333,3.1,-0.6710808899999999
13:47:10.695996,25.49019607843137,79,1689.0,21.126614,48,13.4,0.0,,-0.06884765625,0.28564453125,1.23583984375,20.667054475700002,37.449841667,-121.892801667,3.0,-0.22369363
13:47:11.709989,30.19607843137255,79,1699.0,21.126614,48,13.61,0.0,,-0.0185546875,0.20458984375,0.95263671875,21.1860236973,37.44993,-121.89283,2.8,-0.44738726
13:47:12.730098,30.19607843137255,79,1699.0,21.126614,48,45.48,17.647058823529413,,0.0361328125,0.28271484375,0.7890625,21.1860236973,37.44993,-121.89283,2.8,-0.44738726
13:47:13.905039,30.19607843137255,79,1839.0,21.126614,48,45.48,17.647058823529413,,0.02783203125,0.22119140625,0.8623046875,21.1502327165,37.450013333,-121.892858333,2.6,-0.44738726
13:47:14.010637,40.78431372549019,79,1839.0,26.097582,48,45.48,17.647058823529413,,0.00146484375,0.33349609375,0.98974609375,23.3021654371,37.450103333,-121.892893333,2.4,-0.44738726
13:47:14.701011,40.78431372549019,79,1839.0,26.097582,47,5.83,0.0,,0.0341796875,-0.00830078125,0.87890625,24.7986758218,37.4502,-121.892925,2.2,-0.44738726
13:47:15.714731,9.411764705882353,80,2004.0,22.369356,47,5.83,0.0,,-0.02734375,-0.0283203125,0.96240234375,24.051539097600003,37.450295,-121.892958333,2.0,-0.44738726
13:47:16.698989,9.411764705882353,80,1746.0,22.369356,47,5.06,0.0,,0.1103515625,0.1337890625,0.79296875,22.4051539808,37.450386667,-121.892991667,2.0,0.0
13:47:17.760921,9.411764705882353,80,1746.0,19.262501,48,7.43,0.0,,-0.3017578125,0.29052734375,1.0,22.4051539808,37.450386667,-121.892991667,2.0,0.0
13:47:18.889455,9.411764705882353,80,1495.0,19.262501,48,7.43,0.0,,-0.20703125,0.1845703125,0.92919921875,20.2532212602,37.450465,-121.893023333,1.8,-0.44738726
13:47:18.994308,23.92156862745098,80,1495.0,17.398388,48,7.43,0.0,,-0.4140625,0.2509765625,0.96142578125,18.6202577612,37.450533333,-121.893063333,1.6,-0.44738726
13:47:19.739313,23.92156862745098,80,1495.0,17.398388,48,11.45,0.0,,-0.54443359375,0.3662109375,0.8544921875,17.9983894698,37.450588333,-121.893121667,1.3,-0.6710808899999999
13:47:20.713258,27.84313725490196,80,1402.0,17.398388,48,11.45,0.0,,-0.4716796875,0.28759765625,1.16064453125,17.4458662037,37.450615,-121.89322,1.2,-0.22369363
13:47:21.742344,27.84313725490196,80,1402.0,17.398388,48,13.05,0.0,,-0.16015625,0.2197265625,0.98486328125,18.6649964872,37.450621667,-121.893318333,0.6,-1.3421617799999999
13:47:22.743019,24.705882352941178,80,1410.0,17.398388,48,13.05,0.0,,0.00244140625,0.2041015625,0.90771484375,18.6649964872,37.450621667,-121.893318333,0.6,-1.3421617799999999
13:47:23.836720,24.705882352941178,80,1405.0,17.398388,48,4.65,0.0,,-0.09033203125,0.26025390625,0.93310546875,18.964745951399998,37.450618333,-121.893416667,0.1,-1.11846815
13:47:23.941256,12.941176470588236,80,1405.0,17.398388,48,4.65,0.0,,-0.05615234375,0.1494140625,1.0830078125,18.056549813599997,37.450605,-121.893508333,-0.3,-0.89477452
13:47:24.762309,12.941176470588236,80,1405.0,16.155646,48,5.69,0.0,,0.07275390625,0.1591796875,1.0361328125,16.5712241104,37.450598333,-121.893593333,-0.5,-0.44738726
13:47:25.684929,16.862745098039216,80,1249.0,13.048791,48,5.69,0.0,,0.0,0.10791015625,0.91015625,14.9024696306,37.45059,-121.893668333,-0.7,-0.44738726
13:47:26.707582,16.862745098039216,80,1249.0,13.048791,49,6.38,0.0,,-0.0078125,0.04931640625,1.0087890625,12.2449893062,37.450588333,-121.893733333,-0.7,0.0
13:47:27.743789,19.215686274509803,80,1012.0,6.835081,49,6.38,0.0,,-0.07958984375,0.06787109375,0.962890625,12.2449893062,37.450588333,-121.893733333,-0.7,0.0
13:47:28.840798,19.215686274509803,80,1023.0,6.835081,49,6.38,0.0,,-0.09423828125,0.0888671875,0.95947265625,9.6098783448,37.450601667,-121.893791667,-0.4,0.6710808899999999
13:47:28.945854,19.215686274509803,80,1023.0,6.835081,49,6.11,0.0,,-0.05517578125,0.0791015625,0.9853515625,5.7086614376,37.450613333,-121.893831667,-0.1,0.6710808899999999
13:47:29.702671,19.215686274509803,80,1023.0,1.8641130000000001,49,6.11,0.0,,-0.0888671875,0.103515625,0.9794921875,3.3822476856,37.450618333,-121.893855,0.1,0.44738726
13:47:30.741640,21.96078431372549,80,1046.0,1.8641130000000001,49,6.18,0.0,,-0.00830078125,0.2041015625,0.95556640625,0.16105941359999998,37.45062,-121.893861667,0.1,0.0
13:47:31.690040,21.96078431372549,80,1046.0,0.0,49,34.93,0.0,,0.005859375,0.3232421875,0.947265625,0.1140837513,37.450618333,-121.893865,0.0,-0.22369363
13:47:32.711260,62.745098039215684,80,1539.0,6.835081,47,34.93,13.72549019607843,,-0.072265625,0.4169921875,0.93115234375,0.1140837513,37.450618333,-121.893865,0.0,-0.22369363
13:47:33.896737,62.745098039215684,80,1539.0,6.835081,47,34.93,13.72549019607843,,-0.15869140625,0.39990234375,0.95849609375,0.29974946420000004,37.450616667,-121.893873333,0.0,0.0
13:47:34.001404,62.745098039215684,80,1405.0,6.835081,47,21.8,4.705882352941177,,-0.18115234375,0.4228515625,0.92919921875,7.4221546434,37.450603333,-121.893903333,0.4,0.89477452
13:47:34.766145,48.627450980392155,80,1405.0,11.806049,46,21.8,4.705882352941177,,-0.24853515625,0.34521484375,0.93994140625,10.0818719041,37.450583333,-121.89394,0.3,-0.22369363
13:47:35.694482,48.627450980392155,80,1636.0,11.806049,46,27.36,7.8431372549019605,,-0.13427734375,0.40185546875,0.92919921875,12.3590730575,37.450545,-121.89398,0.7,0.89477452
13:47:36.714340,38.8235294117647,80,1636.0,17.398388,46,27.36,7.8431372549019605,,-0.1884765625,0.1708984375,0.97802734375,14.8689155861,37.450488333,-121.894001667,0.6,-0.22369363
13:47:37.689957,43.13725490196079,80,1962.0,18.019759,46,8.19,0.0,,-0.24072265625,0.28564453125,0.91845703125,14.8689155861,37.450488333,-121.894001667,0.6,-0.22369363
13:47:38.921041,43.13725490196079,80,1962.0,18.019759,46,8.19,0.0,,0.03125,0.22900390625,0.81884765625,15.235773139299999,37.450423333,-121.894016667,0.7,0.22369363
13:47:39.026021,43.13725490196079,80,1962.0,18.019759,46,23.33,0.0,,-0.18603515625,0.47509765625,1.0673828125,16.6181997727,37.45035,-121.894011667,0.9,0.44738726
13:47:39.764873,38.8235294117647,80,1545.0,21.126614,46,23.33,3.9215686274509802,,0.05078125,0.23876953125,0.802734375,19.045275658199998,37.450263333,-121.893993333,1.0,0.22369363
13:47:40.723218,38.8235294117647,80,1545.0,21.126614,46,20.06,1.9607843137254901,,-0.0244140625,0.23681640625,1.0048828125,22.624373738200003,37.450168333,-121.893965,1.1,0.22369363
13:47:41.746897,36.470588235294116,80,1765.0,23.612098,45,20.06,1.9607843137254901,,0.00732421875,0.337890625,1.005859375,23.868110321,37.450073333,-121.893941667,1.1,0.0
13:47:42.748156,28.235294117647058,80,1942.0,23.612098,45,9.93,0.0,,-0.17041015625,0.33935546875,1.04248046875,23.868110321,37.450073333,-121.893941667,1.1,0.0
13:47:43.898589,28.235294117647058,80,1942.0,24.233469,45,9.93,0.0,,-0.1455078125,0.1689453125,0.88330078125,24.7874911403,37.449971667,-121.893915,1.3,0.44738726
13:47:44.003075,28.235294117647058,80,1942.0,24.233469,46,9.93,0.0,,-0.03125,0.24755859375,1.0439453125,24.7651217773,37.44987,-121.893888333,1.3,0.0
13:47:44.706552,29.80392156862745,80,1587.0,24.85484,46,15.69,0.0,,-0.1884765625,0.310546875,0.8515625,24.7986758218,37.449771667,-121.89386,1.2,-0.22369363
13:47:45.739931,29.80392156862745,80,1587.0,24.85484,46,13.19,0.0,,-0.06884765625,0.34228515625,0.92529296875,24.8792055286,37.449673333,-121.89383,1.1,-0.22369363
13:47:46.698465,24.705882352941178,80,1480.0,25.476211,46,13.19,0.0,,-0.07275390625,0.2080078125,1.1484375,25.2483000181,37.449575,-121.8938,1.1,0.0
13:47:47.694588,24.705882352941178,80,1480.0,25.476211,46,11.31,0.0,,-0.05126953125,0.10205078125,0.833984375,25.2483000181,37.449575,-121.8938,1.1,0.0
13:47:48.896740,24.705882352941178,80,1512.0,25.476211,46,11.31,0.0,,-0.033203125,0.16455078125,0.9912109375,25.570418845299997,37.449475,-121.893768333,1.1,0.0
13:47:49.001617,24.705882352941178,80,1512.0,25.476211,46,11.31,0.0,,-0.07568359375,0.369140625,1.1484375,25.9842520608,37.449373333,-121.893743333,1.0,-0.22369363
13:47:49.688248,9.803921568627452,80,1531.0,25.476211,46,11.59,0.0,,-0.11962890625,0.30908203125,1.076171875,26.503221282400002,37.449268333,-121.89372,0.8,-0.44738726
13:47:50.709269,9.803921568627452,80,1531.0,26.097582,47,5.2,0.0,,0.07763671875,0.0888671875,0.85302734375,26.6978347405,37.449163333,-121.893696667,0.5,-0.6710808899999999
13:47:51.719411,11.372549019607844,80,1505.0,24.233469,47,5.2,0.0,,-0.1318359375,0.2255859375,1.09814453125,25.778453921199997,37.449058333,-121.893671667,0.4,-0.22369363
13:47:52.714476,11.372549019607844,80,1505.0,24.233469,47,5.34,0.0,,-0.0517578125,0.05517578125,0.99072265625,25.778453921199997,37.449058333,-121.893671667,0.4,-0.22369363
13:47:53.840755,11.372549019607844,80,1385.0,24.233469,47,5.34,0.0,,-0.2587890625,0.09912109375,1.12890625,24.8792055286,37.448955,-121.89365,0.3,-0.22369363
13:47:53.945287,14.901960784313726,80,1385.0,19.262501,47,5.34,0.0,,-0.23974609375,0.14892578125,1.0478515625,22.302254911000002,37.448865,-121.893626667,0.2,-0.22369363
13:47:54.762663,14.901960784313726,80,1385.0,19.262501,47,5.9,0.0,,-0.4345703125,0.1357421875,0.89892578125,20.4612563361,37.448786667,-121.893598333,0.1,-0.22369363
13:47:55.758997,19.215686274509803,80,1076.0,16.777017,47,5.9,0.0,,-0.58056640625,0.11083984375,0.78515625,19.5396385805,37.44873,-121.893545,0.1,0.0
13:47:56.778557,19.215686274509803,80,1028.0,16.777017,47,16.11,1.9607843137254901,,-0.49560546875,0.2666015625,1.0693359375,17.6986400056,37.448705,-121.893471667,0.1,0.0
13:47:57.407526,65.88235294117646,80,1028.0,18.64113,46,16.11,1.9607843137254901,,-0.25048828125,0.43115234375,0.96337890625,17.6986400056,37.448705,-121.893471667,0.1,0.0
13:47:58.536637,65.88235294117646,80,1156.0,18.64113,46,22.77,1.9607843137254901,,-0.07861328125,0.37744140625,1.0751953125,17.2154617648,37.44869,-121.893386667,-0.4,-1.11846815
13:47:58.641554,57.64705882352941,81,1156.0,18.64113,46,22.77,9.803921568627452,,-0.03369140625,0.15087890625,0.8076171875,16.5242484481,37.448696667,-121.893298333,-0.8,-0.89477452
13:47:59.416860,57.64705882352941,81,1156.0,21.747985,45,19.65,9.803921568627452,,0.09423828125,0.2646484375,0.95947265625,17.6650859611,37.4487,-121.893198333,-1.1,-0.6710808899999999
13:48:00.416249,11.372549019607844,81,1331.0,22.369356,45,19.65,0.0,,-0.01220703125,0.23193359375,0.88720703125,19.1593594095,37.448705,-121.893091667,-1.3,-0.44738726
13:48:01.393825,11.372549019607844,81,1331.0,22.369356,46,5.06,0.0,,0.01171875,0.107421875,0.8876953125,22.716088126499997,37.448733333,-121.892958333,-1.9,-1.3421617799999999
13:48:02.425357,13.333333333333334,81,1310.0,20.505243,46,5.06,0.0,,-0.2158203125,0.20263671875,1.17041015625,22.716088126499997,37.448733333,-121.892958333,-1.9,-1.3421617799999999
13:48:03.541679,13.333333333333334,81,1205.0,20.505243,46,5.06,0.0,,-0.46533203125,0.23828125,1.06005859375,21.7832856894,37.448755,-121.892843333,-1.5,0.89477452
13:48:03.646319,13.333333333333334,81,1205.0,20.505243,46,10.69,0.0,,-0.47021484375,0.18505859375,0.8779296875,21.0025949207,37.448788333,-121.892741667,-1.0,1.11846815
13:48:04.416181,62.35294117647059,81,1205.0,21.126614,46,10.69,0.0,,-0.47216796875,0.25390625,0.89013671875,17.5040265475,37.448833333,-121.892663333,-0.8,0.44738726
13:48:05.393832,70.98039215686275,81,1287.0,21.126614,46,24.58,13.72549019607843,,-0.42578125,0.08447265625,0.79833984375,21.300107448600002,37.448931667,-121.89264,-0.8,0.0
13:48:06.403060,70.98039215686275,81,1287.0,24.233469,44,24.58,13.72549019607843,,-0.17919921875,0.4990234375,0.85791015625,22.049481109099997,37.449023333,-121.892616667,-0.9,-0.22369363
13:48:07.391746,71.37254901960785,81,1519.0,27.961695,44,34.09,20.0,,-0.00927734375,0.1904296875,0.9306640625,22.049481109099997,37.449023333,-121.892616667,-0.9,-0.22369363
13:48:08.556588,71.37254901960785,81,1519.0,27.961695,43,34.09,20.0,,-0.0859375,0.19580078125,0.82421875,22.8189871963,37.449116667,-121.892606667,-1.3,-0.89477452
13:48:08.661429,71.37254901960785,81,1519.0,27.961695,43,18.54,0.0,,-0.06689453125,0.2060546875,1.1337890625,24.143253485899997,37.449218333,-121.892618333,-1.8,-1.11846815
13:48:09.406210,15.686274509803921,81,1709.0,29.204437,43,18.54,0.0,,-0.2685546875,0.21630859375,1.2001953125,27.7447209289,37.44934,-121.892648333,-2.3,-1.11846815
13:48:10.409209,15.686274509803921,81,1709.0,29.204437,44,10.41,0.0,,0.12744140625,0.2919921875,1.1337890625,28.3084288765,37.44946,-121.892671667,-2.9,-1.3421617799999999
13:48:11.397943,33.72549019607843,81,1700.0,28.583066,44,10.41,0.0,,-0.18212890625,0.19580078125,0.9169921875,28.5276486339,37.44958,-121.892695,-3.4,-1.11846815
13:48:12.399072,21.176470588235293,81,1713.0,28.583066,44,14.44,0.0,,0.07275390625,-0.01953125,0.75390625,28.5276486339,37.44958,-121.892695,-3.4,-1.11846815
13:48:13.545557,21.176470588235293,81,1713.0,28.583066,44,14.44,0.0,,-0.10595703125,-0.00439453125,1.0498046875,28.896743123399997,37.449701667,-121.892725,-3.8,-0.89477452
13:48:13.652039,21.176470588235293,81,1713.0,28.583066,44,14.44,0.0,,-0.060546875,-0.03662109375,1.00390625,29.5297960963,37.449825,-121.892761667,-4.1,-0.6710808899999999
13:48:14.409692,23.137254901960784,81,1662.0,27.340324,44,6.31,0.0,,-0.17041015625,0.146484375,1.14697265625,28.344219857299997,37.449951667,-121.892808333,-3.6,1.11846815
13:48:15.409808,23.137254901960784,81,1662.0,27.340324,45,4.16,0.0,,-0.16650390625,0.00732421875,0.91552734375,26.975214841699998,37.450066667,-121.892851667,-3.6,0.0
13:48:16.418853,15.294117647058824,81,1568.0,24.85484,45,4.16,0.0,,-0.02880859375,0.12353515625,0.93994140625,26.4226915756,37.450175,-121.892895,-3.5,0.22369363
13:48:17.773825,9.411764705882353,81,1453.0,23.612098,45,9.72,0.0,,0.1083984375,0.12353515625,0.91259765625,26.4226915756,37.450175,-121.892895,-3.5,0.22369363
13:48:18.918013,9.411764705882353,81,1453.0,23.612098,45,9.72,0.0,,-0.107421875,0.2021484375,0.966796875,25.5816035268,37.450281667,-121.89293,-2.7,1.78954904
13:48:19.023007,9.411764705882353,81,1453.0,23.612098,46,5.0,0.0,,-0.1044921875,0.13818359375,0.92333984375,24.6376164082,37.450378333,-121.892953333,-2.8,-0.22369363
13:48:19.714572,12.941176470588236,81,1340.0,21.126614,46,5.0,0.0,,-0.24658203125,0.02587890625,0.93310546875,22.774248470299998,37.45047,-121.892986667,-3.3,-1.11846815
13:48:20.775939,12.941176470588236,81,1340.0,21.126614,46,11.73,0.0,,-0.5947265625,0.2861328125,0.873046875,22.0606657906,37.450551667,-121.89304,-3.7,-0.89477452
13:48:21.765811,38.8235294117647,81,1245.0,21.126614,46,11.73,0.0,,-0.4599609375,0.416015625,0.95751953125,20.611131068200002,37.450601667,-121.893121667,-4.0,-0.6710808899999999
13:48:22.695388,37.64705882352941,81,1245.0,21.126614,46,12.84,0.0,,-0.400390625,0.31884765625,1.12158203125,20.611131068200002,37.450601667,-121.893121667,-4.0,-0.6710808899999999
13:48:23.910714,37.64705882352941,81,1243.0,21.126614,46,12.84,0.0,,0.0185546875,0.20263671875,0.955078125,21.7967073072,37.450626667,-121.893225,-4.5,-1.11846815
13:48:24.015369,37.64705882352941,81,1243.0,21.126614,45,12.84,0.0,,-0.15234375,0.38818359375,1.0263671875,22.924123202399997,37.450631667,-121.893338333,-4.9,-0.89477452
13:48:24.736656,12.941176470588236,81,1264.0,21.126614,45,4.09,0.0,,-0.14453125,0.3837890625,1.10693359375,23.0046529092,37.450621667,-121.893456667,-5.2,-0.6710808899999999
13:48:25.743914,12.941176470588236,81,1264.0,19.883872,46,5.48,0.0,,0.1123046875,0.06201171875,1.11376953125,21.6580172566,37.450618333,-121.893576667,-5.0,0.44738726
13:48:26.702787,20.784313725490197,81,1095.0,13.670162,46,5.48,0.0,,-0.076171875,-0.0439453125,0.875,16.9738726444,37.450618333,-121.893675,-5.0,0.0
13:48:27.740273,20.784313725490197,81,1095.0,13.670162,46,5.76,0.0,,-0.18115234375,0.01904296875,1.09423828125,16.9738726444,37.450618333,-121.893675,-5.0,0.0
13:48:28.845611,20.784313725490197,81,986.0,13.670162,46,5.76,0.0,,-0.08349609375,0.02587890625,1.00048828125,12.911596323600001,37.45063,-121.893758333,-5.1,-0.22369363
13:48:28.950547,19.215686274509803,81,986.0,5.592339,46,5.76,0.0,,-0.078125,0.04345703125,1.078125,7.4109699619,37.450633333,-121.893828333,-5.3,-0.44738726
13:48:29.698503,47.84313725490196,81,942.0,5.592339,46,5.97,0.0,,-0.0986328125,0.2021484375,0.986328125,4.8452040258,37.450641667,-121.893863333,-5.5,-0.44738726
13:48:30.774417,47.84313725490196,81,942.0,3.106855,46,27.15,0.0,,-0.0380859375,0.35791015625,0.953125,3.5209377362,37.450648333,-121.893878333,-5.6,-0.22369363
13:48:31.706860,60.0,81,1487.0,8.699194,46,27.15,8.627450980392156,,-0.0849609375,0.408203125,0.978515625,4.4313708103,37.450651667,-121.893898333,-5.7,-0.22369363
13:48:32.736641,60.0,81,1487.0,8.699194,44,24.86,7.8431372549019605,,-0.12451171875,0.4140625,0.927734375,4.4313708103,37.450651667,-121.893898333,-5.7,-0.22369363
13:48:33.922793,60.0,81,1359.0,8.699194,44,24.86,7.8431372549019605,,-0.12939453125,0.39306640625,0.85595703125,6.8808160588,37.450638333,-121.893931667,-5.6,0.22369363
13:48:34.027358,57.254901960784316,81,1359.0,14.912904000000001,43,24.86,7.8431372549019605,,-0.25927734375,0.3896484375,0.98779296875,12.209198325400001,37.4506,-121.893973333,-5.8,-0.44738726
13:48:34.712051,57.254901960784316,81,1359.0,14.912904000000001,43,27.36,0.0,,-0.2900390625,0.4140625,0.9267578125,13.8667681237,37.450548333,-121.894005,-5.9,-0.22369363
13:48:35.710919,17.647058823529413,81,2065.0,18.019759,43,27.36,0.0,,-0.14013671875,0.21484375,0.8388671875,15.316302846100001,37.450485,-121.894028333,-5.7,0.44738726
13:48:36.728726,17.647058823529413,81,1800.0,18.019759,43,14.65,0.0,,-0.20556640625,0.11474609375,0.97412109375,16.6987294795,37.450416667,-121.894036667,-5.5,0.44738726
13:48:37.762955,37.64705882352941,81,1800.0,19.262501,43,17.7,0.0,,0.0224609375,0.154296875,1.02880859375,16.6987294795,37.450416667,-121.894036667,-5.5,0.44738726
13:48:38.924956,37.64705882352941,81,1628.0,19.262501,43,17.7,0.0,,-0.1015625,0.30517578125,1.0009765625,19.1369900465,37.450331667,-121.89401,-5.2,0.6710808899999999
13:48:39.029929,33.72549019607843,81,1628.0,19.262501,43,17.7,0.0,,-0.01318359375,0.2109375,0.89794921875,21.0025949207,37.450245,-121.89399,-5.1,0.22369363
13:48:39.761443,33.72549019607843,81,1628.0,21.747985,43,15.41,0.0,,-0.00390625,0.20068359375,0.81201171875,22.4633143246,37.45015,-121.893963333,-4.8,0.6710808899999999
13:48:40.720183,6.666666666666667,80,1793.0,21.747985,43,15.41,0.0,,-0.10498046875,0.21484375,1.19287109375,22.9934682277,37.450053333,-121.893935,-4.6,0.44738726
13:48:41.712762,6.666666666666667,80,1793.0,21.747985,44,4.79,0.0,,-0.16748046875,0.11669921875,1.1875,22.602004375199996,37.449958333,-121.893903333,-4.3,0.6710808899999999
13:48:42.729637,9.411764705882353,80,1730.0,19.883872,44,4.79,0.0,,-0.0654296875,0.11083984375,0.80615234375,22.602004375199996,37.449958333,-121.893903333,-4.3,0.6710808899999999
13:48:43.911326,9.411764705882353,80,1525.0,19.883872,44,5.06,0.0,,0.01318359375,-0.0595703125,0.84423828125,20.9668039399,37.44987,-121.893873333,-4.1,0.44738726
13:48:44.015935,9.411764705882353,80,1525.0,19.883872,44,5.06,0.0,,-0.05859375,0.05224609375,1.16015625,18.631442442700003,37.449786667,-121.893856667,-3.6,1.11846815
13:48:44.737109,12.156862745098039,80,1525.0,15.534275000000001,45,5.62,0.0,,0.11669921875,0.04736328125,1.27734375,15.9381711375,37.449718333,-121.893846667,-3.6,0.0
13:48:45.762581,20.784313725490197,80,1143.0,10.563307,45,5.62,0.0,,-0.16259765625,0.1494140625,1.0771484375,14.2112563139,37.449656667,-121.893841667,-3.4,0.44738726
13:48:46.727285,20.784313725490197,80,1143.0,10.563307,45,5.62,0.0,,-0.01708984375,0.05224609375,1.03564453125,11.289817506099999,37.44961,-121.89384,-3.3,0.22369363
13:48:47.770176,20.0,80,994.0,3.7282260000000003,45,5.62,0.0,,-0.16650390625,0.06689453125,0.97412109375,11.289817506099999,37.44961,-121.89384,-3.3,0.22369363
13:48:48.862123,20.0,80,939.0,3.7282260000000003,45,5.62,0.0,,-0.0810546875,0.19677734375,0.9404296875,5.2254831968,37.449583333,-121.893843333,-2.4,2.01324267
13:48:48.967406,20.0,80,939.0,3.7282260000000003,45,5.9,0.0,,-0.0771484375,0.2412109375,0.95654296875,3.9012169072,37.449563333,-121.893845,-1.9,1.11846815
13:48:49.778164,18.823529411764707,80,939.0,3.7282260000000003,45,5.9,0.0,,-0.041015625,0.19482421875,0.9873046875,3.57909808,37.449543333,-121.89384,-1.3,1.3421617799999999
13:48:50.766216,18.431372549019606,81,949.0,3.7282260000000003,45,5.76,0.0,,-0.0595703125,0.181640625,0.9482421875,3.5321224176999997,37.449526667,-121.893835,-0.9,0.89477452
13:48:51.765406,18.431372549019606,81,949.0,3.106855,46,5.55,0.0,,-0.126953125,0.14111328125,0.990234375,2.8073550564999996,37.449515,-121.893831667,-0.7,0.44738726
13:48:52.760338,18.823529411764707,81,971.0,1.242742,46,5.55,0.0,,-0.1103515625,0.19189453125,0.97021484375,2.8073550564999996,37.449515,-121.893831667,-0.7,0.44738726
13:48:53.862180,18.823529411764707,81,971.0,1.242742,46,5.55,0.0,,-0.07958984375,0.1806640625,0.97509765625,1.8633679378999999,37.449506667,-121.893828333,-0.5,0.44738726
13:48:53.966884,18.823529411764707,81,971.0,1.242742,46,5.48,0.0,,-0.0634765625,0.1484375,0.99853515625,0.08052970679999999,37.449501667,-121.893826667,-0.4,0.22369363
13:48:54.758532,18.823529411764707,81,977.0,0.0,46,5.48,0.0,,-0.08984375,0.224609375,0.9892578125,0.0581603438,37.449501667,-121.893825,-0.2,0.44738726
13:48:55.705103,18.823529411764707,81,977.0,0.0,46,5.48,0.0,,-0.0673828125,0.2333984375,0.92919921875,0.046975662300000005,37.449498333,-121.893823333,0.1,0.6710808899999999
13:48:56.717211,18.431372549019606,81,952.0,0.0,46,5.48,0.0,,-0.07177734375,0.21337890625,0.96533203125,0.0335540445,37.449496667,-121.893825,0.2,0.22369363
13:48:57.698927,19.215686274509803,81,956.0,0.0,46,5.55,0.0,,-0.06396484375,0.2158203125,0.99169921875,0.0335540445,37.449496667,-121.893825,0.2,0.22369363
13:48:58.899314,19.215686274509803,81,956.0,0.0,46,5.55,0.0,,-0.0673828125,0.22412109375,0.953125,0.046975662300000005,37.449496667,-121.893826667,0.2,0.0
13:48:59.004186,19.215686274509803,81,956.0,0.0,46,5.55,0.0,,-0.07275390625,0.22216796875,0.9990234375,0.0581603438,37.449495,-121.893828333,0.2,0.0
13:48:59.769797,18.431372549019606,81,942.0,0.0,46,5.55,0.0,,-0.08154296875,0.240234375,1.00732421875,0.0581603438,37.449495,-121.89383,0.2,0.0
13:49:00.751166,18.431372549019606,81,942.0,0.0,46,0.0,0.0,,-0.08447265625,0.20849609375,0.990234375,0.0335540445,37.449495,-121.893833333,0.2,0.0
13:49:01.716579,0.0,81,0.0,0.0,47,0.0,0.0,,-0.08203125,0.18798828125,0.9638671875,0.022369363,37.449495,-121.893835,0.2,0.0
