time,engineLoad,coolantTemp,rpm,speed,intakeTemp,maf,throttlePos,timingAdvance,xG,yG,zG,orientation,gpsSpeed,gpsLat,gpsLon,gpsAlt,gpsClimb
15:02:16.171233,17.254901960784313,76,1011.0,0.0,27,5.27,0.0,21.5,0.0458984375,-0.2080078125,0.94970703125,5,0.09618826089999999,36.587085,-121.755136667,225.4,0.0067108089
15:02:16.319365,17.254901960784313,76,1011.0,0.0,27,5.27,0.0,21.5,0.05517578125,-0.3076171875,0.9375,5,6.156048697599999,36.587085,-121.755136667,225.4,0.0067108089
15:05:49.754537,47.450980392156865,79,2067.0,26.718953,24,6.38,0.0,21.0,0.67431640625,-0.11328125,0.9990234375,5,5.525232661,36.582633333,-121.757208333,225.3,-0.0
15:05:49.885401,47.450980392156865,79,2067.0,26.718953,24,6.38,0.0,21.0,0.53173828125,-0.58740234375,0.95068359375,5,24.6845920705,36.582633333,-121.757208333,225.3,-0.0
15:05:50.698011,47.450980392156865,79,2293.0,26.718953,24,40.83,16.862745098039216,21.0,0.61328125,-0.11865234375,0.77490234375,5,35.014763903900004,36.582766667,-121.757183333,211.7,-31.8226558038
15:05:50.837086,47.450980392156865,79,2293.0,26.718953,24,40.83,16.862745098039216,21.0,0.54150390625,-0.27587890625,0.95556640625,5,24.3266822625,36.582766667,-121.757183333,211.7,-31.8226558038
15:05:51.706678,64.70588235294117,79,2293.0,32.932663,24,40.83,16.862745098039216,23.5,0.4775390625,-0.623046875,0.97705078125,5,25.411596367999998,36.582833333,-121.757086667,211.4,-0.6688439536999999
15:05:51.846873,64.70588235294117,79,2293.0,32.932663,23,40.83,16.862745098039216,23.5,0.5537109375,-0.126953125,0.94091796875,5,23.707050907400003,36.582833333,-121.757086667,211.4,-0.6688439536999999
15:05:52.727561,64.70588235294117,79,2801.0,32.932663,23,60.06,23.92156862745098,23.5,0.3662109375,-0.40234375,0.94189453125,5,28.2815856409,36.582935,-121.757021667,212.1,1.5591446010999999
15:05:52.866738,64.70588235294117,78,2801.0,32.932663,23,60.06,23.92156862745098,23.5,0.548828125,-0.5908203125,0.74853515625,5,25.478704457000003,36.582935,-121.757021667,212.1,1.5591446010999999
15:05:53.720942,66.27450980392157,78,2801.0,39.146373,23,60.06,23.92156862745098,25.5,0.30517578125,-0.4619140625,0.9248046875,5,31.088940697399998,36.583056667,-121.756981667,212.9,1.7806012948
15:05:54.065618,66.27450980392157,78,2801.0,39.146373,22,60.06,23.92156862745098,25.5,0.015625,-0.52392578125,0.8544921875,5,27.8610416165,36.583056667,-121.756981667,212.9,1.7806012948
15:06:30.468355,10.980392156862745,80,3342.0,57.166132,21,19.72,0.0,43.0,0.603515625,-0.1171875,1.11865234375,5,21.7363100271,36.580695,-121.754278333,214.9,0.1207945602
15:06:30.600413,10.980392156862745,80,3342.0,57.166132,21,19.72,0.0,43.0,0.62646484375,-0.2841796875,0.9912109375,5,55.824982302799995,36.580695,-121.754278333,214.9,0.1207945602
15:06:31.418866,19.215686274509803,80,3342.0,54.059277,21,19.72,0.0,48.5,1.02734375,-0.26025390625,1.03076171875,5,94.6939874516,36.580311667,-121.754358333,215.0,0.21921975740000002
15:06:31.560108,19.215686274509803,80,3342.0,54.059277,21,19.72,0.0,48.5,0.90380859375,-0.6806640625,0.94970703125,5,55.778006640499996,36.580311667,-121.754358333,215.0,0.21921975740000002
15:06:32.420324,19.215686274509803,80,3111.0,54.059277,21,51.87,17.647058823529413,48.5,0.65478515625,-0.47119140625,1.03271484375,5,51.512169116399996,36.580111667,-121.754291667,215.1,0.22369363
15:06:32.560600,19.215686274509803,80,3111.0,54.059277,21,51.87,17.647058823529413,48.5,0.779296875,-0.3173828125,0.9228515625,5,57.3886007765,36.580111667,-121.754291667,215.1,0.22369363
15:06:33.407648,65.88235294117646,80,3111.0,52.816535,21,51.87,17.647058823529413,24.0,0.62353515625,-0.29296875,0.814453125,5,47.487920712699996,36.579948333,-121.75417,215.2,0.22369363
15:06:33.547934,65.88235294117646,80,3111.0,52.816535,21,51.87,17.647058823529413,24.0,0.7353515625,-0.44970703125,0.9873046875,5,58.1603438,36.579948333,-121.75417,215.2,0.22369363
15:06:34.419309,65.88235294117646,80,3185.0,52.816535,21,83.19,30.980392156862745,24.0,0.52392578125,-0.57421875,0.9716796875,5,53.2525055578,36.579781667,-121.754,215.5,0.6666070174
15:06:34.758706,82.3529411764706,79,3185.0,52.816535,21,83.19,30.980392156862745,24.0,0.3115234375,-0.55712890625,1.00634765625,5,56.721993759099995,36.579781667,-121.754,215.5,0.6666070174
15:06:35.425552,82.3529411764706,79,3185.0,56.544761,21,83.19,30.980392156862745,21.5,0.51513671875,-0.3466796875,0.92724609375,5,58.7598427284,36.579643333,-121.753755,217.9,5.2679849865
15:06:35.563620,82.3529411764706,79,3185.0,56.544761,19,83.19,30.980392156862745,21.5,0.39599609375,-0.40966796875,0.89404296875,5,51.382426810999995,36.579643333,-121.753755,217.9,5.2679849865
15:06:36.385446,82.3529411764706,79,3426.0,56.544761,19,91.94,38.8235294117647,21.5,0.19287109375,-0.51025390625,0.86669921875,5,22.8212241326,36.579623333,-121.753646667,219.4,3.4404080294
15:06:36.519363,82.3529411764706,79,3426.0,56.544761,19,91.94,38.8235294117647,21.5,0.09716796875,-0.58740234375,0.96142578125,5,49.1029887213,36.579623333,-121.753646667,219.4,3.4404080294
15:06:37.398921,88.23529411764706,79,3426.0,61.515729,19,91.94,38.8235294117647,23.0,0.14501953125,-0.4375,0.8720703125,5,30.4693093423,36.579561667,-121.753516667,223.1,8.3527201442
15:06:37.534073,88.23529411764706,79,3426.0,61.515729,19,91.94,38.8235294117647,23.0,-0.021484375,-0.546875,1.220703125,5,47.206066738900006,36.579561667,-121.753516667,223.1,8.3527201442
15:06:38.407744,88.23529411764706,79,3706.0,61.515729,19,83.61,31.764705882352942,23.0,0.12060546875,-0.716796875,1.0537109375,5,36.126521245,36.579536667,-121.75334,229.4,14.1777022694
15:06:38.543916,88.23529411764706,79,3706.0,61.515729,19,83.61,31.764705882352942,23.0,0.0439453125,-0.34814453125,0.875,5,45.5127059598,36.579536667,-121.75334,229.4,14.1777022694
15:06:39.411488,75.29411764705883,79,3706.0,64.622584,19,83.61,31.764705882352942,27.0,-0.0126953125,-0.87451171875,0.94482421875,5,44.360683765299996,36.579545,-121.75312,237.0,17.1036149498
15:06:39.748810,75.29411764705883,79,3706.0,64.622584,19,83.61,31.764705882352942,27.0,0.025390625,-0.17529296875,0.86083984375,5,45.0988727443,36.579545,-121.75312,237.0,17.1036149498
15:06:40.419492,75.29411764705883,79,3884.0,64.622584,19,80.9,27.84313725490196,27.0,0.03076171875,-0.22900390625,0.88623046875,5,49.689066031900005,36.579568333,-121.752875,245.4,18.9043486713
15:06:40.553569,75.29411764705883,79,3884.0,64.622584,19,80.9,27.84313725490196,27.0,0.08203125,0.22900390625,0.84423828125,5,44.6850395288,36.579568333,-121.752875,245.4,18.9043486713
15:06:41.476572,66.27450980392157,79,3884.0,67.108068,19,80.9,27.84313725490196,29.0,-0.0732421875,-0.380859375,0.94384765625,5,51.5412492883,36.57959,-121.75262,252.7,16.3945061427
15:06:41.610413,66.27450980392157,79,3884.0,67.108068,19,80.9,27.84313725490196,29.0,-0.14892578125,-0.48291015625,0.94140625,5,44.582140459,36.57959,-121.75262,252.7,16.3945061427
15:06:42.436435,66.27450980392157,79,3968.0,67.108068,18,52.56,13.72549019607843,29.0,-0.01123046875,-0.0439453125,0.7939453125,5,259.9297611237,36.580135,-121.75146,235.2,-37.8601468775
15:06:42.570315,66.27450980392157,79,3968.0,67.108068,18,52.56,13.72549019607843,29.0,0.0849609375,-0.25927734375,1.00634765625,5,45.4679672338,36.580135,-121.75146,235.2,-37.8601468775
15:06:43.786004,17.647058823529413,80,3968.0,65.243955,19,52.56,13.72549019607843,54.0,0.05908203125,-0.2734375,1.048828125,5,44.2510738866,36.579976667,-121.75124,230.4,-8.0484968074
15:06:43.924029,17.647058823529413,80,3968.0,65.243955,19,52.56,13.72549019607843,54.0,0.04296875,0.0126953125,0.9404296875,5,44.8103079616,36.579976667,-121.75124,230.4,-8.0484968074
15:06:44.815907,17.647058823529413,80,3833.0,65.243955,19,35.83,0.0,54.0,0.0458984375,-0.14990234375,0.99609375,5,71.7519687588,36.58005,-121.750893333,233.6,7.15819616
15:06:45.159542,10.980392156862745,80,3833.0,65.243955,19,35.83,0.0,54.0,0.115234375,-0.1064453125,0.95703125,5,44.8103079616,36.58005,-121.750893333,233.6,7.15819616
15:06:45.780173,10.980392156862745,80,3833.0,61.515729,20,35.83,0.0,34.5,0.51708984375,-0.44482421875,0.8955078125,5,43.2959020865,36.580008333,-121.750683333,235.1,3.35540445
15:06:45.916212,10.980392156862745,80,3833.0,61.515729,20,35.83,0.0,34.5,0.65869140625,0.029296875,0.83203125,5,40.5646028642,36.580008333,-121.750683333,235.1,3.35540445
15:06:46.804103,10.980392156862745,80,3594.0,61.515729,20,11.38,0.0,34.5,0.7705078125,-0.17919921875,0.943359375,5,51.8835005422,36.580025,-121.750425,241.7,14.76377958
15:06:46.942176,10.980392156862745,80,3594.0,61.515729,20,11.38,0.0,34.5,0.79150390625,-0.2431640625,0.8623046875,5,37.6767181009,36.580025,-121.750425,241.7,14.76377958
15:06:47.796261,34.11764705882353,80,3594.0,59.651616000000004,20,11.38,0.0,35.5,0.2021484375,-0.37109375,0.80029296875,5,51.9908734846,36.580081667,-121.750175,246.9,11.632068760000001
15:07:06.272812,10.196078431372548,81,2541.0,36.660889,20,8.4,0.0,18.5,0.76123046875,-0.2177734375,1.04541015625,5,64.5199537009,36.584783333,-121.749073333,265.1,2.2123300007
15:07:06.412259,10.196078431372548,81,2541.0,36.660889,20,8.4,0.0,18.5,0.84521484375,0.01025390625,1.16845703125,5,36.444166199600005,36.584783333,-121.749073333,265.1,2.2123300007
15:07:06.528499,10.196078431372548,81,2166.0,36.660889,20,8.4,0.0,18.5,0.732421875,-0.107421875,0.90380859375,5,9.6009305996,36.584783333,-121.74908,265.3,3.2189513357
15:07:06.668244,10.196078431372548,81,2166.0,36.660889,20,8.4,0.0,18.5,0.68359375,-0.044921875,0.86376953125,5,36.4687724989,36.584783333,-121.74908,265.3,3.2189513357
15:07:10.356573,83.13725490196079,81,2424.0,49.088309,19,34.72,18.823529411764707,19.5,-0.3935546875,-0.5029296875,1.01220703125,5,36.6678598296,36.585173333,-121.749625,256.6,-4.8921796881
15:07:10.492010,83.13725490196079,81,3089.0,49.088309,19,34.72,18.823529411764707,19.5,-0.21044921875,-0.3486328125,1.01416015625,5,47.9062278008,36.585173333,-121.749625,256.6,-4.8921796881
15:07:10.608257,83.13725490196079,81,3089.0,49.088309,19,34.72,18.823529411764707,19.5,-0.0849609375,-0.44287109375,1.07470703125,5,106.31263459380001,36.585225,-121.749588333,256.7,1.6083571997
15:07:10.743700,83.13725490196079,81,3089.0,49.088309,19,81.45,18.823529411764707,19.5,-0.087890625,-0.16845703125,0.8623046875,5,48.2753222903,36.585225,-121.749588333,256.7,1.6083571997
15:07:11.756055,80.3921568627451,80,3089.0,49.088309,19,81.45,30.980392156862745,25.5,-0.0087890625,-0.447265625,0.94140625,5,55.4782571763,36.585523333,-121.749583333,255.3,-2.3465461786999997
15:07:11.892566,80.3921568627451,80,3089.0,49.088309,19,81.45,30.980392156862745,25.5,-0.03271484375,-0.15087890625,1.224609375,5,48.4028276594,36.585523333,-121.749583333,255.3,-2.3465461786999997
15:07:12.756640,80.3921568627451,80,3585.0,59.651616000000004,18,10.76,30.980392156862745,25.5,0.3681640625,0.03662109375,0.92138671875,5,58.7822120914,36.58576,-121.749573333,254.3,-2.2369363
15:07:12.894278,80.3921568627451,80,3585.0,59.651616000000004,18,10.76,30.980392156862745,25.5,0.1328125,-0.357421875,1.02294921875,5,52.487473343199994,36.58576,-121.749573333,254.3,-2.2369363
15:07:13.757064,11.372549019607844,80,3585.0,59.651616000000004,18,10.76,0.0,50.5,0.47412109375,-0.05712890625,0.8525390625,5,57.511632273000004,36.585991667,-121.74957,252.8,-3.35540445
15:07:14.097925,11.372549019607844,80,3585.0,60.272987,18,10.76,0.0,50.5,0.65966796875,0.08251953125,0.978515625,5,58.182713163,36.585991667,-121.74957,252.8,-3.35540445
15:07:14.752983,11.372549019607844,80,3576.0,60.272987,19,10.97,0.0,50.5,0.3955078125,-0.6240234375,0.822265625,5,60.667949392299995,36.586235,-121.749598333,249.9,-6.487115269999999
15:07:14.890554,11.372549019607844,80,3576.0,60.272987,19,10.97,0.0,50.5,0.61181640625,-0.19189453125,0.80859375,5,59.229599351400005,36.586235,-121.749598333,249.9,-6.487115269999999
15:07:15.733237,9.803921568627452,80,3576.0,60.272987,19,10.97,0.0,51.0,0.68310546875,-0.48974609375,1.09228515625,5,58.788922900299994,36.58646,-121.74969,246.7,-7.15819616
15:07:15.870814,9.803921568627452,80,3576.0,60.272987,19,10.97,0.0,51.0,0.76953125,-0.10888671875,1.1259765625,5,59.2765750137,36.58646,-121.74969,246.7,-7.15819616
15:07:16.736612,9.803921568627452,80,3658.0,61.515729,20,20.9,0.0,51.0,0.9267578125,0.08837890625,0.9716796875,5,59.793307299,36.586661667,-121.749853333,244.2,-5.59234075
15:07:16.874164,9.803921568627452,80,3658.0,61.515729,20,20.9,0.0,51.0,0.85498046875,-0.0234375,1.13916015625,5,59.8984433051,36.586661667,-121.749853333,244.2,-5.59234075
15:07:17.738249,33.333333333333336,80,3658.0,61.515729,20,20.9,4.705882352941177,40.5,0.75439453125,-0.00830078125,0.9921875,5,59.2184146699,36.586813333,-121.750081667,242.5,-3.8027917099999997
15:07:17.875692,33.333333333333336,80,3658.0,61.515729,20,20.9,4.705882352941177,40.5,0.984375,0.25244140625,0.63232421875,2,60.151217107,36.586813333,-121.750081667,242.5,-3.8027917099999997
15:07:30.006626,49.411764705882355,78,3408.0,58.408874,19,48.12,15.686274509803921,30.5,-0.37060546875,-0.173828125,0.80908203125,5,511.71931105169995,36.586831667,-121.753343333,241.9,-1.051360061
15:07:30.139978,49.411764705882355,78,3528.0,58.408874,19,48.12,15.686274509803921,30.5,-0.3349609375,0.2275390625,0.7880859375,4,21.5886722313,36.586831667,-121.753343333,241.9,-1.051360061
15:07:30.947876,49.411764705882355,78,3528.0,58.408874,19,69.51,20.784313725490197,30.5,-0.01416015625,-0.30810546875,0.96044921875,5,66.2177883526,36.58706,-121.753515,237.9,-8.9387974548
15:07:31.087587,49.411764705882355,78,3528.0,58.408874,19,69.51,20.784313725490197,30.5,-0.02197265625,-0.44921875,0.99560546875,5,57.1716179554,36.58706,-121.753515,237.9,-8.9387974548
15:07:31.879768,45.88235294117647,78,3528.0,61.515729,19,69.51,20.784313725490197,35.5,0.0068359375,-0.275390625,0.98046875,5,61.632068937599996,36.587283333,-121.753646667,240.5,5.838403743
15:07:32.019487,45.88235294117647,78,3528.0,61.515729,19,69.51,20.784313725490197,35.5,0.103515625,-0.5361328125,1.05908203125,5,59.737383891499995,36.587283333,-121.753646667,240.5,5.838403743
15:07:32.875655,45.88235294117647,78,3688.0,61.515729,19,52.22,11.764705882352942,35.5,0.22998046875,-0.45947265625,1.01171875,5,63.5334647926,36.58752,-121.753766667,240.7,0.44738726
15:07:33.224217,11.372549019607844,78,3688.0,61.515729,19,52.22,11.764705882352942,35.5,0.13671875,-0.11669921875,0.8701171875,5,60.7261097361,36.58752,-121.753766667,240.7,0.44738726
15:07:33.873601,11.372549019607844,78,3688.0,60.894358000000004,19,52.22,11.764705882352942,22.0,0.06591796875,-0.115234375,1.04296875,5,63.3008234174,36.587758333,-121.75388,240.6,-0.22369363
15:07:34.013154,11.372549019607844,78,3688.0,60.894358000000004,19,52.22,11.764705882352942,22.0,0.1162109375,-0.24755859375,0.98193359375,5,59.390658765,36.587758333,-121.75388,240.6,-0.22369363
15:07:34.896205,11.372549019607844,78,3559.0,60.894358000000004,19,11.59,0.0,22.0,0.1455078125,-0.01220703125,1.14111328125,5,57.258858471100005,36.587968333,-121.753998333,240.3,-0.6710808899999999
15:07:35.035812,11.372549019607844,78,3559.0,60.894358000000004,19,11.59,0.0,22.0,0.0927734375,0.00830078125,1.13232421875,4,57.3080710697,36.587968333,-121.753998333,240.3,-0.6710808899999999
15:07:35.878025,10.196078431372548,78,3559.0,53.437906,20,11.59,0.0,22.0,0.18994140625,-0.38720703125,1.17919921875,5,54.4090016249,36.588165,-121.754118333,240.2,-0.22369363
15:07:36.017549,10.196078431372548,78,3559.0,53.437906,20,11.59,0.0,22.0,0.0283203125,0.1767578125,1.02880859375,4,52.3018076303,36.588165,-121.754118333,240.2,-0.22369363
15:07:36.891166,10.196078431372548,78,3290.0,53.437906,20,14.93,0.7843137254901961,22.0,0.12646484375,0.3955078125,1.17138671875,4,37.305386675099996,36.588313333,-121.75416,239.3,-1.9886363707
15:07:37.030868,10.196078431372548,78,3290.0,53.437906,20,14.93,0.7843137254901961,22.0,0.0869140625,0.14599609375,1.0947265625,4,45.2375627949,36.588313333,-121.75416,239.3,-1.9886363707
15:07:38.760946,9.803921568627452,78,3935.0,34.175405,20,11.73,0.0,21.5,0.5810546875,-0.2275390625,0.966796875,5,37.068271427300004,36.588545,-121.754353333,239.5,0.2393521841
15:07:39.109294,18.431372549019606,78,3935.0,34.175405,20,11.73,0.0,21.5,0.78955078125,-0.04052734375,0.85546875,5,29.8519149235,36.588545,-121.754353333,239.5,0.2393521841
15:08:23.150426,65.88235294117646,84,4957.0,59.651616000000004,18,123.33,37.64705882352941,30.5,-0.32666015625,-0.4296875,0.91796875,5,954.7378344578,36.584988333,-121.756143333,239.1,-0.8970114563
15:08:23.287947,65.88235294117646,84,4957.0,59.651616000000004,18,123.33,37.64705882352941,30.5,-0.287109375,-0.93896484375,1.00048828125,5,60.0595027187,36.584988333,-121.756143333,239.1,-0.8970114563
15:08:24.084248,64.31372549019608,84,4957.0,65.865326,18,123.33,37.64705882352941,31.0,0.19775390625,-0.38525390625,0.89453125,5,56.7354153769,36.584963333,-121.755863333,239.2,0.22593056630000002
15:08:24.222932,64.31372549019608,84,4957.0,65.865326,18,123.33,37.64705882352941,31.0,0.0849609375,-0.39697265625,0.89599609375,5,61.5560131034,36.584963333,-121.755863333,239.2,0.22593056630000002
15:08:25.054269,64.31372549019608,84,5442.0,65.865326,17,112.43,52.94117647058823,31.0,0.1826171875,-0.1962890625,1.00439453125,5,62.916070373800004,36.584895,-121.755561667,239.2,0.0
15:08:25.191629,64.31372549019608,84,5442.0,65.865326,17,112.43,52.94117647058823,31.0,0.10986328125,-0.2861328125,0.97900390625,5,65.5131534181,36.584895,-121.755561667,239.2,0.0
15:08:26.099389,82.74509803921569,84,5442.0,72.079036,17,112.43,52.94117647058823,33.5,-0.02783203125,-0.12548828125,0.9814453125,5,67.1371691719,36.584835,-121.755235,239.4,0.44738726
15:08:26.442286,82.74509803921569,84,5442.0,72.079036,18,112.43,52.94117647058823,33.5,-0.16259765625,0.11181640625,1.04541015625,4,71.96895157990001,36.584835,-121.755235,239.4,0.44738726
15:08:27.054285,82.74509803921569,84,5727.0,72.079036,18,19.37,0.0,33.5,-0.0302734375,1.0009765625,1.02099609375,4,69.0072479187,36.584768333,-121.7549,238.9,-1.11846815
15:08:27.193890,82.74509803921569,85,5727.0,72.079036,18,19.37,0.0,33.5,-0.1513671875,-0.0400390625,1.080078125,4,67.17072321639999,36.584768333,-121.7549,238.9,-1.11846815
15:08:28.071386,10.980392156862745,85,5727.0,62.758471,18,19.37,0.0,20.5,-0.70263671875,-0.59375,1.01904296875,5,64.781675248,36.58469,-121.754591667,238.4,-1.1207050863
15:08:28.211081,10.980392156862745,85,5727.0,62.758471,18,19.37,0.0,20.5,-0.40625,0.1943359375,0.9951171875,4,60.542680959500004,36.58469,-121.754591667,238.4,-1.1207050863
15:08:29.074878,10.980392156862745,85,5057.0,62.758471,18,63.19,18.823529411764707,20.5,-0.56298828125,-0.31494140625,0.88623046875,5,60.7887439525,36.584583333,-121.754318333,238.0,-0.89477452
15:08:29.214580,10.980392156862745,85,5057.0,62.758471,18,63.19,18.823529411764707,20.5,-0.8232421875,-0.1923828125,0.828125,5,60.692555691600006,36.584583333,-121.754318333,238.0,-0.89477452
15:08:30.065922,42.745098039215684,85,5057.0,64.622584,18,63.19,18.823529411764707,48.5,-1.53173828125,-0.47412109375,1.15966796875,5,72.44318207549999,36.584408333,-121.754023333,237.0,-2.2100930644
15:08:30.205621,42.745098039215684,85,5057.0,64.622584,18,63.19,18.823529411764707,48.5,-1.47265625,-1.03955078125,1.216796875,5,61.6589121732,36.584408333,-121.754023333,237.0,-2.2100930644
15:08:31.750279,81.96078431372548,85,5275.0,64.622584,18,96.73,28.627450980392158,29.0,-0.568359375,-0.36767578125,0.9619140625,5,62.278543528300006,36.58404,-121.753761667,237.2,0.2639584834
15:08:32.097374,81.96078431372548,85,5275.0,69.593552,18,96.73,28.627450980392158,29.0,-0.466796875,-0.78662109375,0.90673828125,5,64.9852364513,36.58404,-121.753761667,237.2,0.2639584834
15:08:32.799822,81.96078431372548,85,5751.0,69.593552,17,110.76,28.627450980392158,29.0,-0.48388671875,-0.45703125,0.751953125,5,67.9983896474,36.583771667,-121.753693333,237.2,0.0
15:08:32.939402,81.96078431372548,85,5751.0,69.593552,17,110.76,28.627450980392158,29.0,-0.2001953125,-0.3330078125,0.85400390625,5,68.942376766,36.583771667,-121.753693333,237.2,0.0
15:08:33.809544,45.490196078431374,85,5751.0,69.593552,17,110.76,27.84313725490196,47.5,-0.18115234375,-0.58544921875,0.94775390625,5,70.3024340364,36.58349,-121.753656667,237.2,0.0
15:08:33.949246,45.490196078431374,85,5751.0,69.593552,17,110.76,27.84313725490196,47.5,-0.01611328125,-0.41943359375,1.0869140625,5,69.9445242284,36.58349,-121.753656667,237.2,0.0
15:08:34.800987,45.490196078431374,85,5979.0,73.321778,17,116.94,27.84313725490196,47.5,-0.0810546875,-0.06884765625,0.94921875,5,71.2374734098,36.583203333,-121.75364,237.1,-0.22369363
15:08:34.938670,45.490196078431374,85,5979.0,73.321778,17,116.94,27.84313725490196,47.5,-0.18896484375,-0.2841796875,0.89599609375,5,71.0831248051,36.583203333,-121.75364,237.1,-0.22369363
15:08:35.813731,70.19607843137256,86,5979.0,73.321778,17,116.94,40.78431372549019,31.5,-0.26806640625,-0.107421875,0.8740234375,5,72.40515415840001,36.582911667,-121.753643333,237.1,0.0
15:08:35.951425,70.19607843137256,86,5979.0,73.321778,17,116.94,40.78431372549019,31.5,-0.63427734375,-0.90673828125,1.095703125,5,72.4879208015,36.582911667,-121.753643333,237.1,0.0
15:08:36.754741,70.19607843137256,86,6439.0,78.292746,17,116.94,40.78431372549019,31.5,-0.5302734375,-0.42919921875,0.96630859375,5,74.7673588912,36.582611667,-121.753676667,237.1,0.0
15:08:37.099930,70.19607843137256,86,6439.0,78.292746,17,141.18,40.78431372549019,31.5,-0.10888671875,-0.6298828125,0.99365234375,5,75.5838406407,36.582611667,-121.753676667,237.1,0.0
15:08:37.794764,69.80392156862744,86,6439.0,78.292746,17,141.18,42.745098039215684,31.5,-0.025390625,-0.17041015625,0.86328125,5,77.7514319154,36.582303333,-121.753745,237.2,0.22369363
15:08:37.933561,69.80392156862744,86,6439.0,78.292746,17,141.18,42.745098039215684,32.5,-0.3525390625,-0.58447265625,1.134765625,5,78.2301362836,36.582303333,-121.753745,237.2,0.22369363
15:08:38.812181,69.80392156862744,86,6724.0,83.885085,17,141.18,42.745098039215684,32.5,0.16162109375,-0.02783203125,0.87158203125,4,81.0352544038,36.581986667,-121.753843333,237.3,0.22369363
15:08:38.951634,69.80392156862744,86,6724.0,83.885085,17,23.47,42.745098039215684,32.5,0.03857421875,-0.31201171875,1.06005859375,5,80.86524724499999,36.581986667,-121.753843333,237.3,0.22369363
15:08:39.805933,11.372549019607844,86,6724.0,83.885085,17,23.47,0.0,32.5,0.25439453125,-0.01953125,0.95458984375,5,81.4177705111,36.581671667,-121.753956667,237.5,0.44738726
15:08:39.945425,11.372549019607844,86,6724.0,83.885085,17,23.47,0.0,20.0,0.31494140625,-0.076171875,1.05810546875,5,79.9906051517,36.581671667,-121.753956667,237.5,0.44738726
15:08:40.795689,11.372549019607844,86,6156.0,77.671375,18,23.47,0.0,20.0,0.0263671875,0.1123046875,0.9140625,5,78.83634602090001,36.581368333,-121.754073333,237.7,0.44738726
15:08:40.935127,11.372549019607844,86,6156.0,77.671375,18,23.47,0.0,20.0,0.298828125,-0.13916015625,1.203125,5,76.6754655551,36.581368333,-121.754073333,237.7,0.44738726
15:08:41.823557,11.372549019607844,86,6156.0,77.671375,18,21.38,0.0,20.0,0.08740234375,0.5859375,1.15234375,4,75.675555029,36.581076667,-121.754183333,237.9,0.44738726
15:08:42.168138,11.372549019607844,86,6156.0,77.671375,18,21.38,0.0,20.0,0.0390625,0.1044921875,1.0869140625,4,73.9374555239,36.581076667,-121.754183333,237.9,0.44738726
15:08:42.496236,11.372549019607844,86,6156.0,65.865326,18,21.38,0.0,20.0,0.41845703125,0.02392578125,0.89697265625,5,68.383142691,36.580811667,-121.754276667,238.2,0.6710808899999999
15:08:42.634373,11.372549019607844,86,6156.0,65.865326,18,21.38,0.0,20.0,0.4453125,0.205078125,1.09912109375,5,62.6140839733,36.580811667,-121.754276667,238.2,0.6710808899999999
15:08:43.768204,11.372549019607844,86,5090.0,65.865326,18,17.63,0.0,20.0,0.95556640625,-0.20263671875,0.92431640625,5,61.180207805,36.58057,-121.754336667,238.5,0.6710808899999999
15:08:43.907744,10.196078431372548,86,5090.0,65.865326,18,17.63,0.0,20.0,0.916015625,-0.21533203125,0.94189453125,5,59.4264497458,36.58057,-121.754336667,238.5,0.6710808899999999
15:08:44.766202,10.196078431372548,86,5090.0,57.787503,19,17.63,0.0,21.0,0.96337890625,-0.26708984375,1.119140625,5,57.129116165700005,36.58034,-121.754326667,238.8,0.6710808899999999
15:08:44.905690,10.196078431372548,86,4538.0,57.787503,19,17.63,0.0,21.0,0.9755859375,-0.30810546875,0.91455078125,5,55.8943273281,36.58034,-121.754326667,238.8,0.6710808899999999
15:09:23.050444,19.215686274509803,88,6898.0,52.195164,18,158.05,29.80392156862745,20.0,0.24951171875,-0.05712890625,0.89306640625,5,1614.7078618557,36.585531667,-121.749698333,264.1,57.574266489399996
15:09:23.187901,19.215686274509803,88,6898.0,60.894358000000004,18,158.05,29.80392156862745,20.0,0.09033203125,-0.13232421875,1.1357421875,5,58.2073194623,36.585531667,-121.749698333,264.1,57.574266489399996
15:09:23.920372,19.215686274509803,88,5044.0,60.894358000000004,18,170.13,29.80392156862745,20.0,0.22412109375,-0.4140625,0.87744140625,5,58.3549572581,36.585766667,-121.749678333,260.9,-7.1447745421999995
15:09:24.055898,19.215686274509803,88,5044.0,60.894358000000004,18,170.13,29.80392156862745,20.0,0.28564453125,-0.759765625,0.89794921875,5,58.9768255495,36.585766667,-121.749678333,260.9,-7.1447745421999995
15:09:24.919372,81.96078431372548,88,5044.0,60.894358000000004,18,170.13,72.94117647058823,33.0,0.28466796875,-0.5419921875,0.88720703125,5,61.6164103835,36.586015,-121.749668333,256.8,-9.162491084800001
15:09:25.057075,81.96078431372548,88,5044.0,60.894358000000004,18,170.13,72.94117647058823,33.0,0.66748046875,-0.4287109375,0.9609375,5,67.3899429738,36.586015,-121.749668333,256.8,-9.162491084800001
15:09:25.925654,81.96078431372548,88,5706.0,70.836294,18,19.44,72.94117647058823,33.0,0.97119140625,0.2451171875,1.0634765625,4,68.5665714676,36.58629,-121.74971,253.1,-8.2520580107
15:09:26.266368,81.96078431372548,88,5706.0,70.836294,18,19.44,0.0,33.0,0.64111328125,0.10205078125,0.90673828125,5,69.5060847136,36.58629,-121.74971,253.1,-8.2520580107
15:09:26.923617,10.980392156862745,88,5706.0,70.836294,18,19.44,0.0,20.5,0.74609375,-0.21533203125,1.34814453125,5,66.7188620838,36.586543333,-121.749823333,249.1,-8.9298497096
15:09:27.060982,10.980392156862745,88,5706.0,70.836294,18,19.44,0.0,20.5,0.7099609375,-0.3515625,1.31005859375,5,65.5377597174,36.586543333,-121.749823333,249.1,-8.9298497096
15:09:27.932808,10.980392156862745,88,5076.0,65.865326,18,16.87,0.0,20.5,0.72607421875,-0.1357421875,1.275390625,5,60.531496278,36.586745,-121.749993333,245.4,-8.276664310000001
15:09:28.070130,10.980392156862745,88,5076.0,65.865326,18,16.87,0.0,20.5,0.78369140625,-0.169921875,0.94677734375,5,61.1399429516,36.586745,-121.749993333,245.4,-8.276664310000001
15:09:28.924219,11.372549019607844,88,5076.0,65.865326,18,16.87,0.0,21.0,1.05859375,0.0986328125,0.958984375,5,57.5697926168,36.586885,-121.750223333,243.2,-4.912312114800001
15:09:29.061885,11.372549019607844,88,5076.0,65.865326,18,16.87,0.0,21.0,1.02880859375,-0.0751953125,1.03125,5,59.0685399378,36.586885,-121.750223333,243.2,-4.912312114800001
15:09:29.935581,11.372549019607844,88,4774.0,59.030245,19,80.13,0.0,21.0,0.666015625,-0.38330078125,1.07080078125,5,56.3305299066,36.586945,-121.750495,241.9,-2.9057802536999997
15:09:30.073134,11.372549019607844,88,4774.0,59.030245,19,80.13,23.92156862745098,21.0,0.53369140625,-0.16015625,0.81982421875,5,57.2051719999,36.586945,-121.750495,241.9,-2.9057802536999997
15:09:40.032511,98.82352941176471,87,5553.0,66.486697,17,164.72,33.72549019607843,24.0,0.20556640625,-0.083984375,0.96630859375,5,597.1680407754001,36.586896667,-121.753441667,236.7,-11.7729957469
15:09:40.172086,98.82352941176471,87,5553.0,66.486697,17,164.72,33.72549019607843,24.0,0.18310546875,-0.11962890625,0.97509765625,5,63.6139944994,36.586896667,-121.753441667,236.7,-11.7729957469
15:09:40.954912,10.196078431372548,86,5553.0,66.486697,17,164.72,33.72549019607843,20.0,0.25390625,0.0791015625,0.87255859375,5,67.41454927310001,36.587136667,-121.7536,236.6,-0.22369363
15:09:41.094584,10.196078431372548,86,5553.0,68.35081,17,164.72,33.72549019607843,20.0,0.421875,-0.0947265625,0.818359375,5,66.34305678540001,36.587136667,-121.7536,236.6,-0.22369363
15:09:41.933340,10.196078431372548,86,5434.0,68.35081,18,18.33,33.72549019607843,20.0,-0.13720703125,-0.05322265625,1.04296875,5,65.7592164111,36.587366667,-121.753761667,236.5,-0.22369363
15:09:42.073026,10.196078431372548,86,5434.0,68.35081,18,18.33,1.9607843137254901,20.0,0.18896484375,-0.26806640625,1.1875,5,65.21564089019999,36.587366667,-121.753761667,236.5,-0.22369363
15:09:42.938285,12.941176470588236,86,5434.0,68.35081,18,18.33,1.9607843137254901,50.0,0.091796875,0.10302734375,0.72607421875,5,65.9963316589,36.587596667,-121.753928333,236.3,-0.44738726
15:09:43.283515,12.941176470588236,86,5434.0,61.515729,18,18.33,1.9607843137254901,50.0,0.37548828125,-0.1904296875,1.39208984375,5,62.8086974314,36.587596667,-121.753928333,236.3,-0.44738726
15:09:43.945880,12.941176470588236,86,7320.0,61.515729,18,24.23,0.0,50.0,0.083984375,-0.0947265625,0.72509765625,4,61.672333791,36.587811667,-121.754083333,236.1,-0.44738726
15:09:44.085588,12.941176470588236,86,7320.0,61.515729,18,24.23,0.0,50.0,0.11279296875,0.14453125,1.40869140625,4,57.2163566814,36.587811667,-121.754083333,236.1,-0.44738726
15:09:44.946698,10.980392156862745,86,7320.0,61.515729,18,24.23,0.0,20.0,0.24169921875,0.14697265625,0.94384765625,4,52.8073552341,36.58799,-121.754226667,236.0,-0.22369363
15:09:45.086373,10.980392156862745,86,7320.0,49.088309,18,24.23,0.0,20.0,-0.11962890625,0.0185546875,1.20458984375,5,49.0470653138,36.58799,-121.754226667,236.0,-0.22369363
15:09:45.947177,10.980392156862745,86,5488.0,49.088309,18,18.19,0.0,20.0,-0.18896484375,0.2998046875,0.98583984375,4,45.6894239275,36.588143333,-121.754353333,236.1,0.22369363
15:09:46.086851,10.980392156862745,86,5488.0,49.088309,18,18.19,0.0,20.0,-0.35693359375,0.0341796875,1.01220703125,4,42.0387438859,36.588143333,-121.754353333,236.1,0.22369363
15:09:46.957925,10.980392156862745,85,5488.0,31.068550000000002,18,18.19,0.0,21.5,-0.08740234375,0.3291015625,1.1357421875,4,37.159985815599995,36.588275,-121.754441667,236.1,0.0
15:09:47.097655,10.980392156862745,85,5488.0,31.068550000000002,18,18.19,0.0,21.5,0.02880859375,0.208984375,1.06103515625,4,32.5899249547,36.588275,-121.754441667,236.1,0.0
15:09:47.961190,10.980392156862745,85,3180.0,31.068550000000002,18,10.13,0.0,21.5,0.59326171875,-0.0068359375,1.0419921875,5,28.4963315257,36.588383333,-121.754488333,236.1,0.0
15:09:48.308469,10.980392156862745,85,3180.0,31.068550000000002,18,10.13,0.0,21.5,0.73779296875,0.00830078125,0.87109375,4,23.890479684,36.588383333,-121.754488333,236.1,0.0
15:09:48.950729,10.980392156862745,85,3180.0,19.262501,18,10.13,0.0,19.5,0.8330078125,-0.32568359375,1.13330078125,5,12.8937008332,36.588435,-121.754476667,235.2,-1.990873307
15:09:49.090424,10.980392156862745,85,3180.0,19.262501,18,10.13,0.0,19.5,0.88623046875,-0.2412109375,1.046875,5,19.0922513205,36.588435,-121.754476667,235.2,-1.990873307
15:11:10.979896,10.980392156862745,83,4237.0,37.903631,19,12.98,0.0,21.0,0.84228515625,0.0712890625,0.9794921875,4,202.3957594877,36.582875,-121.75751,235.2,0.0
15:11:11.111173,10.980392156862745,83,4237.0,37.903631,19,12.98,0.0,21.0,0.7861328125,-0.052734375,0.91357421875,4,32.4512349041,36.582875,-121.75751,235.2,0.0
15:11:11.922074,9.803921568627452,83,4237.0,29.204437,20,12.98,0.0,45.5,1.02734375,-0.23828125,0.94775390625,3,55.6706336981,36.582661667,-121.757461667,229.3,-13.6475483663
15:11:12.061655,9.803921568627452,83,4237.0,29.204437,20,12.98,0.0,45.5,1.09375,0.0791015625,0.8818359375,3,30.9435398379,36.582661667,-121.757461667,229.3,-13.6475483663
15:11:12.931425,9.803921568627452,83,3590.0,29.204437,20,46.87,16.862745098039216,45.5,0.77685546875,-0.39111328125,0.84521484375,3,24.0627237791,36.582638333,-121.757345,225.9,-7.605583419999999
15:11:13.071227,9.803921568627452,83,3590.0,29.204437,20,46.87,16.862745098039216,45.5,0.865234375,-0.48974609375,0.97216796875,3,27.2279886436,36.582638333,-121.757345,225.9,-7.605583419999999
15:11:13.928505,55.294117647058826,83,3590.0,33.554034,19,46.87,16.862745098039216,31.0,0.734375,-0.28955078125,0.90625,5,23.2507159022,36.58265,-121.75723,223.8,-4.7065139752
15:11:14.068199,55.294117647058826,83,3590.0,33.554034,19,46.87,16.862745098039216,31.0,0.84326171875,-0.32470703125,0.8193359375,5,26.9058698164,36.58265,-121.75723,223.8,-4.7065139752
15:11:14.912071,55.294117647058826,83,4469.0,33.554034,19,98.05,32.94117647058823,31.0,0.77490234375,-0.32470703125,0.68359375,5,22.179223414499997,36.582696667,-121.757135,222.2,-3.5656764622000003
15:11:15.255164,71.37254901960785,83,4469.0,33.554034,19,98.05,32.94117647058823,31.0,0.578125,-0.58544921875,0.875,5,26.087151130600002,36.582696667,-121.757135,222.2,-3.5656764622000003
15:11:15.923448,71.37254901960785,83,4469.0,44.117341,18,98.05,32.94117647058823,29.5,0.72900390625,-0.26953125,0.9619140625,5,34.931997260799996,36.582821667,-121.757053333,217.9,-9.580798172900002
15:11:16.062230,71.37254901960785,83,4469.0,44.117341,18,98.05,32.94117647058823,29.5,0.5263671875,-0.40087890625,0.84912109375,5,24.2461525557,36.582821667,-121.757053333,217.9,-9.580798172900002
15:11:24.825882,70.19607843137256,84,4749.0,57.787503,18,83.88,28.627450980392158,31.0,-0.86572265625,-0.62890625,0.92822265625,5,394.68727770830003,36.584885,-121.756845,217.8,-0.1722440951
15:11:24.957142,70.19607843137256,84,4749.0,57.787503,18,83.88,28.627450980392158,31.0,-0.85888671875,-0.37890625,1.0322265625,5,7.9746779094999996,36.584885,-121.756845,217.8,-0.1722440951
15:11:25.772650,100.0,84,4749.0,64.622584,18,83.88,28.627450980392158,23.0,-0.25244140625,-0.54736328125,0.81494140625,5,91.692018937,36.584963333,-121.756398333,218.6,1.7940229126
15:11:25.911277,100.0,84,4749.0,64.622584,18,83.88,28.627450980392158,23.0,-0.2626953125,-0.4365234375,0.8671875,5,59.37947408350001,36.584963333,-121.756398333,218.6,1.7940229126
15:11:26.696787,100.0,84,5377.0,64.622584,18,182.01,100.0,23.0,0.13037109375,0.13720703125,1.0302734375,5,64.1575700203,36.584945,-121.756078333,218.2,-0.89477452
15:11:26.836486,100.0,85,5377.0,64.622584,18,182.01,100.0,23.0,-0.26025390625,-0.96826171875,0.658203125,5,66.2267360978,36.584945,-121.756078333,218.2,-0.89477452
15:11:27.711528,100.0,85,5377.0,75.807262,18,182.01,100.0,15.0,0.0576171875,-0.685546875,0.9716796875,5,69.8572837127,36.584881667,-121.755738333,218.3,0.22369363
15:11:28.056595,100.0,85,6338.0,75.807262,17,182.01,100.0,15.0,0.2490234375,-0.60693359375,0.72216796875,5,71.98013626139999,36.584881667,-121.755738333,218.3,0.22369363
15:11:28.701549,100.0,85,6338.0,75.807262,17,213.68,70.98039215686275,15.0,0.2353515625,0.00927734375,0.90185546875,5,75.4764676983,36.584808333,-121.755371667,218.4,0.22369363
15:11:28.840899,100.0,85,6338.0,75.807262,17,213.68,70.98039215686275,15.0,0.11572265625,-0.509765625,0.814453125,5,78.0332858892,36.584808333,-121.755371667,218.4,0.22369363
15:11:29.720801,47.84313725490196,85,6338.0,81.399601,17,213.68,70.98039215686275,60.0,-0.0751953125,0.36962890625,1.02294921875,4,79.1942558289,36.584735,-121.754986667,218.4,0.0
15:11:29.860270,47.84313725490196,85,6338.0,81.399601,17,213.68,70.98039215686275,60.0,-0.00439453125,0.32763671875,1.21044921875,4,80.1292952023,36.584735,-121.754986667,218.4,0.0
15:11:30.719993,47.84313725490196,85,6194.0,81.399601,17,20.41,0.0,60.0,-0.845703125,-0.23388671875,0.95849609375,5,77.3823374259,36.584665,-121.75461,218.3,-0.22369363
15:11:30.859730,47.84313725490196,85,6194.0,81.399601,17,20.41,0.0,60.0,-0.68505859375,0.12451171875,0.974609375,5,70.8527203662,36.584665,-121.75461,218.3,-0.22369363
15:11:31.721885,11.372549019607844,85,6194.0,68.35081,18,20.41,0.0,23.5,-0.783203125,-0.30419921875,1.03466796875,5,67.309413267,36.584566667,-121.754296667,218.2,-0.22369363
15:11:31.861563,11.372549019607844,85,6194.0,68.35081,18,20.41,0.0,23.5,-0.9287109375,-0.11279296875,0.95654296875,5,64.6966716686,36.584566667,-121.754296667,218.2,-0.22369363
15:11:32.705403,11.372549019607844,85,5598.0,68.35081,18,113.88,31.764705882352942,23.5,-0.9345703125,-0.4580078125,0.833984375,5,65.3834111127,36.584401667,-121.754041667,218.1,-0.22369363
15:11:33.052706,96.47058823529412,86,5598.0,68.35081,18,113.88,31.764705882352942,23.5,-0.77880859375,-0.37939453125,0.75634765625,5,67.4011276553,36.584401667,-121.754041667,218.1,-0.22369363
15:11:33.712189,96.47058823529412,86,5598.0,73.943149,17,113.88,31.764705882352942,21.5,-0.85546875,-0.25244140625,0.8779296875,5,68.3048499205,36.584171667,-121.753855,218.1,0.0
15:11:33.851996,96.47058823529412,86,5598.0,73.943149,17,113.88,31.764705882352942,21.5,-0.93896484375,-0.505859375,0.9384765625,5,70.5775772013,36.584171667,-121.753855,218.1,0.0
15:11:34.775780,96.47058823529412,86,6202.0,73.943149,17,202.08,96.86274509803921,21.5,-0.34326171875,-0.236328125,0.81787109375,5,72.0919830764,36.5839,-121.753726667,218.3,0.44738726
15:11:34.915507,96.47058823529412,86,6202.0,73.943149,17,202.08,96.86274509803921,21.5,-0.64599609375,-0.943359375,0.91796875,5,72.5796351898,36.5839,-121.753726667,218.3,0.44738726
15:11:35.753894,100.0,86,6202.0,84.506456,17,202.08,96.86274509803921,19.0,-0.4140625,-0.6416015625,0.91064453125,5,76.6508592558,36.583596667,-121.753655,218.3,0.0
15:11:35.893596,100.0,86,6202.0,84.506456,17,202.08,96.86274509803921,19.0,-0.29443359375,-0.45703125,0.787109375,5,78.2994813089,36.583596667,-121.753655,218.3,0.0
15:11:36.747018,100.0,86,7079.0,84.506456,17,231.8,100.0,19.0,-0.43798828125,-0.31201171875,1.24658203125,5,82.8762529787,36.583263333,-121.753631667,218.3,0.0
15:11:36.884617,100.0,86,7079.0,84.506456,17,231.8,100.0,19.0,-0.23486328125,-0.90673828125,0.86328125,5,83.8918220589,36.583263333,-121.753631667,218.3,0.0
15:11:37.749252,100.0,86,7079.0,95.069763,16,231.8,100.0,22.5,-0.33837890625,-0.3544921875,0.95654296875,5,88.58715135259999,36.582906667,-121.753646667,218.2,-0.22369363
15:11:38.092573,100.0,86,7891.0,95.069763,16,231.8,100.0,22.5,-0.02783203125,0.12353515625,1.02490234375,5,89.16204398170001,36.582906667,-121.753646667,218.2,-0.22369363
15:11:38.706223,100.0,86,7891.0,95.069763,16,37.01,100.0,22.5,-0.640625,-0.3427734375,1.0498046875,5,94.1459380581,36.58253,-121.753701667,218.2,0.0
15:11:38.843851,100.0,86,7891.0,95.069763,16,37.01,100.0,22.5,-0.5126953125,-0.4326171875,0.7060546875,5,93.8573732754,36.58253,-121.753701667,218.2,0.0
15:11:39.779010,100.0,86,7891.0,103.147586,16,37.01,100.0,16.5,0.15283203125,0.1787109375,0.5771484375,5,98.0292594749,36.582141667,-121.753793333,218.4,0.44738726
15:11:39.918684,100.0,86,7891.0,103.147586,17,37.01,100.0,16.5,-0.07568359375,-0.98193359375,0.86328125,5,97.05619218439999,36.582141667,-121.753793333,218.4,0.44738726
15:11:40.807403,100.0,86,6222.0,103.147586,17,205.9,49.80392156862745,16.5,-0.28369140625,-0.95947265625,0.978515625,5,101.01780637169999,36.581731667,-121.753933333,218.9,1.0692555514
15:11:40.947071,100.0,87,6222.0,103.147586,17,205.9,49.80392156862745,16.5,0.27783203125,0.30224609375,0.89111328125,4,100.8321406588,36.581731667,-121.753933333,218.9,1.0692555514
15:11:41.811216,12.941176470588236,87,6222.0,103.147586,17,205.9,49.80392156862745,20.0,0.12548828125,0.716796875,1.27734375,4,102.8453833288,36.581336667,-121.754088333,219.2,0.6710808899999999
15:11:41.950925,12.941176470588236,87,6222.0,103.147586,17,205.9,49.80392156862745,20.0,0.27734375,0.85546875,1.06005859375,4,102.1429853306,36.581336667,-121.754088333,219.2,0.6710808899999999
15:11:42.820430,12.941176470588236,87,5503.0,103.147586,17,23.33,0.0,20.0,0.31787109375,0.48974609375,1.10498046875,4,96.9152651975,36.580963333,-121.75423,219.6,0.89477452
15:11:43.167375,12.941176470588236,87,5503.0,103.147586,17,23.33,0.0,20.0,0.36083984375,-0.0234375,1.01025390625,4,88.02344340500001,36.580963333,-121.75423,219.6,0.89477452
15:11:43.815407,11.764705882352942,87,5503.0,66.486697,17,23.33,0.0,20.0,0.92822265625,0.31689453125,0.95703125,4,78.7983181038,36.580656667,-121.754331667,220.0,0.89477452
15:11:43.954973,11.764705882352942,87,5503.0,66.486697,18,23.33,0.0,20.0,1.0302734375,0.24462890625,0.9755859375,2,67.287043904,36.580656667,-121.754331667,220.0,0.89477452
15:11:44.763402,11.764705882352942,87,4997.0,66.486697,18,17.15,0.7843137254901961,20.0,1.068359375,-0.36279296875,0.9521484375,3,63.0346279977,36.580403333,-121.754353333,220.3,0.6710808899999999
15:11:44.902869,11.764705882352942,87,4997.0,66.486697,18,17.15,0.7843137254901961,20.0,1.056640625,-0.25439453125,0.95751953125,3,59.2877596952,36.580403333,-121.754353333,220.3,0.6710808899999999
15:11:45.761058,31.764705882352942,87,4997.0,66.486697,18,17.15,0.7843137254901961,54.5,1.1142578125,-0.58935546875,0.87939453125,3,57.402022394300005,36.580181667,-121.754271667,220.8,1.11846815
15:11:45.900749,31.764705882352942,87,4997.0,59.030245,18,17.15,0.7843137254901961,54.5,1.16357421875,-0.43310546875,1.013671875,3,57.5384755086,36.580181667,-121.754271667,220.8,1.11846815
15:11:46.761966,31.764705882352942,87,4896.0,59.030245,18,98.47,0.7843137254901961,54.5,1.16552734375,-0.05517578125,0.9169921875,5,56.5542235366,36.580008333,-121.754088333,221.5,1.56585541
15:11:46.901662,31.764705882352942,87,4896.0,59.030245,18,98.47,35.68627450980392,54.5,0.91748046875,-0.65283203125,1.04150390625,5,58.332587895100005,36.580008333,-121.754088333,221.5,1.56585541
15:11:47.764295,100.0,87,4896.0,59.030245,18,98.47,35.68627450980392,21.5,0.49462890625,-0.60595703125,0.76953125,5,58.2923230417,36.5799,-121.75383,222.4,2.01324267
15:11:48.111620,100.0,87,4896.0,65.243955,17,98.47,35.68627450980392,21.5,0.80908203125,-0.4072265625,0.8349609375,5,61.1757339324,36.5799,-121.75383,222.4,2.01324267
15:11:48.741877,100.0,87,5490.0,65.243955,17,184.86,35.68627450980392,21.5,0.611328125,-0.552734375,0.91943359375,5,62.522369585,36.57986,-121.753521667,223.4,2.2369363
15:11:48.880528,100.0,87,5490.0,65.243955,17,184.86,100.0,21.5,0.77001953125,-0.2900390625,0.88916015625,5,66.2379207793,36.57986,-121.753521667,223.4,2.2369363
15:12:10.940209,11.372549019607844,89,6358.0,60.894358000000004,17,22.43,0.0,20.5,0.15673828125,0.29541015625,1.07275390625,4,10019.192948974,36.584426667,-121.749145,248.6,394.2018625312
15:12:11.077665,11.372549019607844,89,4344.0,60.894358000000004,17,22.43,0.0,20.5,0.31103515625,0.16259765625,1.01416015625,4,61.0258592003,36.584426667,-121.749145,248.6,394.2018625312
15:12:16.620327,100.0,89,5244.0,57.166132,18,108.47,45.88235294117647,19.5,-0.64404296875,-0.5166015625,1.10546875,5,36.5649607598,36.585153333,-121.749671667,251.0,0.939513246
15:12:16.759282,100.0,89,5244.0,57.166132,18,108.47,45.88235294117647,19.5,-0.57763671875,-0.4013671875,0.92333984375,5,50.4160703294,36.585153333,-121.749671667,251.0,0.939513246
15:12:16.875589,100.0,89,5244.0,57.166132,18,108.47,45.88235294117647,19.5,-0.48974609375,-0.7822265625,0.95556640625,5,117.0790090057,36.585186667,-121.749601667,251.0,0.0
15:12:17.015205,100.0,89,5244.0,57.166132,17,108.47,45.88235294117647,19.5,-0.55322265625,-0.62744140625,0.96923828125,5,50.888063888699996,36.585186667,-121.749601667,251.0,0.0
15:12:17.763076,100.0,89,7553.0,57.166132,17,55.97,100.0,19.5,-0.24462890625,-0.7822265625,1.1630859375,5,55.5364175201,36.585428333,-121.74964,251.2,0.41159627919999997
15:12:17.900196,100.0,89,7553.0,57.166132,17,55.97,100.0,19.5,-0.06689453125,-0.35498046875,1.05419921875,5,50.035791158399995,36.585428333,-121.74964,251.2,0.41159627919999997
15:12:18.747444,98.43137254901961,89,7553.0,70.214923,17,55.97,100.0,32.0,0.38232421875,-0.23388671875,0.7822265625,4,62.8869902019,36.585681667,-121.749641667,250.6,-1.3421617799999999
15:12:18.887095,98.43137254901961,89,7553.0,70.214923,17,55.97,100.0,32.0,0.515625,-0.76904296875,0.99755859375,5,54.0756981162,36.585681667,-121.749641667,250.6,-1.3421617799999999
15:12:19.752739,98.43137254901961,89,5687.0,70.214923,16,60.69,11.764705882352942,32.0,0.56396484375,-0.076171875,0.6923828125,5,68.7164461997,36.585958333,-121.74963,249.5,-2.46062993
15:12:20.098778,98.43137254901961,89,5687.0,70.214923,16,60.69,11.764705882352942,32.0,0.7763671875,0.0302734375,0.80322265625,5,66.7792593639,36.585958333,-121.74963,249.5,-2.46062993
15:12:20.740112,17.647058823529413,89,5687.0,70.836294,16,60.69,11.764705882352942,60.0,0.376953125,-0.13232421875,0.92236328125,5,71.1614175756,36.586243333,-121.749668333,247.6,-4.2501789699999994
15:12:20.877609,17.647058823529413,89,5687.0,70.836294,16,60.69,11.764705882352942,60.0,0.87158203125,-0.0126953125,1.060546875,5,68.0565499912,36.586243333,-121.749668333,247.6,-4.2501789699999994
15:12:21.752455,17.647058823529413,89,5693.0,70.836294,17,22.7,0.0,60.0,0.7958984375,-0.3740234375,1.2119140625,5,70.69613482519999,36.586511667,-121.749786667,243.8,-8.500357939999999
15:12:21.889883,17.647058823529413,89,5693.0,70.836294,17,22.7,0.0,60.0,1.03662109375,0.22900390625,1.16455078125,5,68.092340972,36.586511667,-121.749786667,243.8,-8.500357939999999
15:12:22.752238,11.372549019607844,89,5693.0,68.35081,17,22.7,0.0,20.0,0.98486328125,0.130859375,1.291015625,5,67.7814068263,36.58673,-121.74999,241.5,-5.14495349
15:12:22.889622,11.372549019607844,89,5693.0,68.35081,17,22.7,0.0,20.0,0.86669921875,-0.4716796875,1.083984375,5,67.8149608708,36.58673,-121.74999,241.5,-5.14495349
15:12:23.740610,11.372549019607844,89,5390.0,68.35081,17,19.02,0.0,20.0,1.0009765625,0.1455078125,1.10693359375,3,66.1842343081,36.58688,-121.750263333,240.1,-3.13171082
15:12:23.878227,11.372549019607844,89,5390.0,68.35081,17,19.02,0.7843137254901961,20.0,0.91259765625,-0.0595703125,0.697265625,3,65.4795993736,36.58688,-121.750263333,240.1,-3.13171082
15:12:31.643097,65.88235294117646,88,5297.0,67.108068,17,24.65,5.882352941176471,60.0,-1.12744140625,-0.8310546875,1.25341796875,5,541.7949196052,36.586526667,-121.752906667,239.8,-0.6777916989
15:12:31.780376,65.88235294117646,88,5297.0,67.108068,17,93.95,5.882352941176471,60.0,-0.88525390625,-0.4296875,1.388671875,5,64.7436473309,36.586526667,-121.752906667,239.8,-0.6777916989
15:12:32.557412,100.0,88,5297.0,67.108068,17,93.95,50.98039215686274,60.0,-0.81689453125,-0.60205078125,0.80517578125,5,64.6519329426,36.586651667,-121.75319,239.9,0.22369363
15:12:32.695068,100.0,88,5297.0,67.108068,17,93.95,50.98039215686274,60.0,-0.76416015625,-0.72998046875,0.93359375,5,67.5286330244,36.586651667,-121.75319,239.9,0.22369363
15:12:33.563405,100.0,88,6143.0,73.321778,17,93.95,50.98039215686274,21.5,-0.99365234375,-0.84130859375,0.91162109375,5,65.609341679,36.586823333,-121.753438333,240.0,0.22369363
15:12:33.700966,100.0,88,6143.0,73.321778,17,93.95,50.98039215686274,21.5,-0.390625,-0.49609375,0.68310546875,5,64.7302257131,36.586823333,-121.753438333,240.0,0.22369363
15:12:34.590105,100.0,88,6143.0,73.321778,17,206.04,100.0,21.5,0.115234375,-0.60009765625,0.7587890625,5,62.6230317185,36.587028333,-121.753623333,239.9,-0.22369363
15:12:34.930937,100.0,88,6143.0,73.321778,17,206.04,100.0,20.0,0.26318359375,-0.8095703125,1.0087890625,5,61.1287582701,36.587028333,-121.753623333,239.9,-0.22369363
15:12:35.563533,100.0,88,6143.0,85.127827,16,206.04,100.0,20.0,0.3310546875,-0.16259765625,0.91796875,5,79.44926656710001,36.587328333,-121.753765,239.8,-0.22369363
15:12:35.703317,100.0,88,7020.0,85.127827,16,206.04,100.0,20.0,0.1796875,-0.19775390625,0.9794921875,5,62.1085363695,36.587328333,-121.753765,239.8,-0.22369363
15:12:36.594993,100.0,87,7020.0,85.127827,16,163.12,46.666666666666664,20.0,0.31640625,0.0302734375,0.99072265625,5,81.8584469622,36.587616667,-121.753958333,239.5,-0.6755547626
15:12:36.734733,11.372549019607844,87,7020.0,85.127827,16,163.12,46.666666666666664,20.0,-0.0244140625,-0.4345703125,1.21826171875,5,63.8443989383,36.587616667,-121.753958333,239.5,-0.6755547626
15:12:37.575480,11.372549019607844,87,7020.0,85.127827,17,163.12,46.666666666666664,20.0,-0.08203125,0.896484375,1.015625,4,85.75071612420001,36.587946667,-121.754085,238.7,-1.78954904
15:12:37.715217,11.372549019607844,87,6217.0,85.127827,17,163.12,46.666666666666664,20.0,-0.14306640625,1.0791015625,1.16455078125,4,63.9607196259,36.587946667,-121.754085,238.7,-1.78954904
15:12:38.613834,11.372549019607844,87,6217.0,85.127827,17,20.06,0.0,20.0,0.13720703125,0.55126953125,1.3212890625,4,83.3325879839,36.588253333,-121.754253333,238.9,0.44738726
15:12:38.753611,13.333333333333334,87,6217.0,85.127827,17,20.06,0.0,20.0,0.0888671875,0.3896484375,1.09912109375,4,69.48371535060001,36.588253333,-121.754253333,238.9,0.44738726
15:12:39.579071,13.333333333333334,87,6217.0,46.602825,17,20.06,0.0,29.5,0.95703125,0.09423828125,0.8583984375,4,60.710451182,36.588471667,-121.75439,238.8,-0.22369363
15:12:39.925953,13.333333333333334,87,4983.0,46.602825,17,20.06,0.0,29.5,1.05615234375,0.1787109375,0.8583984375,5,45.0183430375,36.588471667,-121.75439,238.8,-0.22369363
15:12:40.585757,13.333333333333334,87,4983.0,46.602825,17,17.08,1.9607843137254901,29.5,1.34033203125,-0.31591796875,0.8466796875,3,40.9247496085,36.5886,-121.754518333,238.5,-0.6710808899999999
15:12:40.725283,13.333333333333334,87,4983.0,46.602825,17,17.08,1.9607843137254901,29.5,1.103515625,-0.21728515625,0.86865234375,3,36.8020760076,36.5886,-121.754518333,238.5,-0.6710808899999999
15:12:41.610430,27.84313725490196,87,4983.0,39.767744,17,17.08,1.9607843137254901,24.0,1.1953125,-0.283203125,0.705078125,3,35.433070992,36.588655,-121.754681667,238.2,-0.6710808899999999
15:12:41.749897,27.84313725490196,87,4983.0,39.767744,17,17.08,1.9607843137254901,24.0,1.3408203125,-0.46630859375,0.7841796875,3,35.5583394248,36.588655,-121.754681667,238.2,-0.6710808899999999
15:13:00.546504,11.372549019607844,89,4832.0,68.972181,17,23.54,0.7843137254901961,20.0,0.29833984375,0.36376953125,0.9521484375,4,1119.1347570174,36.583093333,-121.757691667,238.3,0.1655332862
15:13:00.678788,11.372549019607844,89,4832.0,68.972181,17,16.18,0.7843137254901961,20.0,0.490234375,0.33203125,1.09619140625,4,10.712687940699999,36.583093333,-121.757691667,238.3,0.1655332862
15:13:01.485473,15.294117647058824,89,4832.0,68.972181,17,16.18,0.0,20.0,1.04345703125,-0.48974609375,1.078125,5,65.9873839137,36.582831667,-121.757761667,218.9,-43.0945778195
15:13:01.625212,15.294117647058824,89,4832.0,68.972181,17,16.18,0.0,31.0,1.00537109375,0.072265625,0.74658203125,5,48.4587510669,36.582831667,-121.757761667,218.9,-43.0945778195
15:13:02.407256,15.294117647058824,89,4023.0,51.573793,18,16.18,0.0,31.0,1.47216796875,-0.01611328125,0.76171875,2,48.5750717545,36.582646667,-121.757683333,217.7,-2.6865604963000003
15:13:02.546833,15.294117647058824,89,4023.0,51.573793,18,16.18,0.0,31.0,1.15087890625,-0.07861328125,1.01953125,3,49.8747317448,36.582646667,-121.757683333,217.7,-2.6865604963000003
15:13:03.423398,10.196078431372548,89,4023.0,51.573793,18,12.98,0.0,31.0,1.21728515625,0.033203125,0.7099609375,3,45.5194167687,36.582521667,-121.757516667,216.8,-2.0110057337000002
15:13:03.768692,10.196078431372548,89,4023.0,51.573793,18,12.98,0.0,52.0,1.01220703125,-0.14013671875,0.97998046875,3,45.673765373399995,36.582521667,-121.757516667,216.8,-2.0110057337000002
15:13:04.413339,10.196078431372548,89,3618.0,45.360083,18,12.98,0.0,52.0,1.32568359375,-0.0341796875,0.87060546875,3,41.6830710142,36.58247,-121.757318333,217.1,0.6710808899999999
15:13:04.553035,10.196078431372548,89,3618.0,45.360083,18,12.98,0.0,52.0,1.0615234375,-0.40576171875,1.0087890625,3,38.1017359979,36.58247,-121.757318333,217.1,0.6710808899999999
15:13:05.401119,10.196078431372548,89,3618.0,45.360083,18,63.4,35.68627450980392,52.0,1.08837890625,-0.6748046875,1.10400390625,3,40.0053687892,36.582496667,-121.757121667,217.2,0.22369363
15:13:05.541888,76.47058823529412,89,3618.0,45.360083,18,63.4,35.68627450980392,52.0,1.0517578125,-0.5390625,0.8662109375,3,36.824445370599996,36.582496667,-121.757121667,217.2,0.22369363
15:13:06.411753,76.47058823529412,89,3618.0,49.088309,17,63.4,35.68627450980392,21.0,0.85986328125,-0.4072265625,0.923828125,3,43.329456131,36.582606667,-121.756953333,216.8,-0.89477452
15:13:06.550229,76.47058823529412,89,4218.0,49.088309,17,63.4,35.68627450980392,21.0,0.759765625,-0.68896484375,0.99365234375,3,34.0752506579,36.582606667,-121.756953333,216.8,-0.89477452
15:13:14.359792,10.980392156862745,89,5156.0,51.573793,18,17.15,0.0,21.5,-0.79052734375,-0.44091796875,0.96337890625,5,61.9005012936,36.58457,-121.757106667,216.8,0.0
15:13:14.490145,10.980392156862745,89,5156.0,51.573793,18,17.15,0.0,21.5,-0.78125,-0.42431640625,1.1220703125,5,51.7045456382,36.58457,-121.757106667,216.8,0.0
15:13:15.295670,10.980392156862745,89,4156.0,51.573793,18,84.23,25.88235294117647,21.5,-0.857421875,-0.951171875,0.98486328125,5,66.0589658753,36.584785,-121.756913333,216.9,0.22369363
15:13:15.434341,10.980392156862745,89,4156.0,51.573793,18,84.23,25.88235294117647,21.5,-0.8154296875,0.34765625,0.9619140625,4,53.395669481,36.584785,-121.756913333,216.9,0.22369363
15:13:16.292099,97.25490196078431,89,4156.0,56.544761,18,84.23,25.88235294117647,23.0,-0.994140625,-0.88916015625,0.90673828125,5,50.693450430599995,36.58492,-121.756723333,217.0,0.22369363
15:13:16.430792,97.25490196078431,89,4156.0,56.544761,18,84.23,25.88235294117647,23.0,-1.02099609375,-0.353515625,1.125,5,53.1540803606,36.58492,-121.756723333,217.0,0.22369363
15:13:17.302576,97.25490196078431,89,4715.0,56.544761,18,166.11,100.0,23.0,-0.6455078125,-0.66650390625,0.98388671875,5,48.6779708243,36.585001667,-121.756503333,217.1,0.22369363
15:13:17.442253,97.25490196078431,90,4715.0,56.544761,18,166.11,100.0,23.0,-0.685546875,-0.35107421875,0.85693359375,5,50.3355406226,36.585001667,-121.756503333,217.1,0.22369363
15:13:18.298125,100.0,90,4715.0,67.729439,18,166.11,100.0,22.0,-0.2197265625,-0.6611328125,0.962890625,5,55.4022013421,36.585051667,-121.756233333,217.5,0.89477452
15:13:18.642089,100.0,90,4715.0,67.729439,17,166.11,100.0,22.0,0.12744140625,-0.3193359375,0.865234375,5,48.758500531100005,36.585051667,-121.756233333,217.5,0.89477452
15:13:19.294473,100.0,90,5775.0,67.729439,17,195.48,100.0,22.0,0.27783203125,-0.27001953125,0.94677734375,5,68.5799930854,36.585008333,-121.755895,218.1,1.3421617799999999
15:13:19.432980,100.0,90,5775.0,67.729439,17,195.48,100.0,22.0,0.44873046875,-0.208984375,0.86962890625,5,46.975662299999996,36.585008333,-121.755895,218.1,1.3421617799999999
15:13:20.296727,100.0,90,5775.0,80.77823000000001,17,195.48,100.0,18.0,-0.13720703125,-0.66162109375,0.77685546875,5,47.2239622293,36.585035,-121.755661667,218.0,-0.22369363
15:13:20.435266,100.0,90,5775.0,80.77823000000001,17,195.48,100.0,18.0,-0.00634765625,-0.47607421875,0.82373046875,5,43.3272191947,36.585035,-121.755661667,218.0,-0.22369363
15:13:21.310215,100.0,90,6785.0,80.77823000000001,17,105.62,0.0,18.0,-0.1318359375,0.11767578125,1.01708984375,5,67.7724590811,36.584973333,-121.755335,218.5,1.1296528315
15:13:21.448877,100.0,90,6785.0,80.77823000000001,17,105.62,0.0,18.0,-0.3662109375,0.1435546875,1.08154296875,4,47.5147639483,36.584973333,-121.755335,218.5,1.1296528315
15:13:22.293757,10.980392156862745,90,6785.0,74.56452,17,105.62,0.0,20.0,-0.49560546875,0.392578125,1.11767578125,4,86.8289194208,36.584906667,-121.754908333,218.2,-0.6688439536999999
15:13:22.428289,10.980392156862745,90,6785.0,74.56452,17,105.62,0.0,20.0,-0.4833984375,0.54150390625,1.12548828125,4,42.083482611899996,36.584906667,-121.754908333,218.2,-0.6688439536999999
15:13:23.301525,10.980392156862745,90,5584.0,74.56452,17,18.75,0.0,20.0,-0.7177734375,0.13525390625,0.9833984375,4,86.0459917158,36.58477,-121.754513333,218.1,-0.22369363
15:13:23.647797,10.980392156862745,90,5584.0,74.56452,17,18.75,0.0,20.0,-0.830078125,-0.91015625,1.15673828125,5,50.530154080699994,36.58477,-121.754513333,218.1,-0.22369363
15:13:24.293255,51.372549019607845,90,5584.0,74.56452,17,18.75,0.0,29.0,-0.99169921875,-0.01806640625,1.09375,5,131.83384084050002,36.584393333,-121.754033333,217.3,-1.7604688681
15:13:24.432962,51.372549019607845,90,5584.0,68.35081,17,18.75,0.0,29.0,-0.90966796875,0.45654296875,0.9140625,4,51.348872766499994,36.584393333,-121.754033333,217.3,-1.7604688681
15:13:25.819084,51.372549019607845,90,5676.0,68.35081,17,156.25,75.68627450980392,29.0,-0.45947265625,-0.71484375,0.880859375,5,63.379116187899996,36.584081667,-121.753785,217.2,-0.1543486047
15:13:25.958866,100.0,90,5676.0,68.35081,17,156.25,75.68627450980392,29.0,-0.453125,-0.51171875,0.853515625,5,60.8178241244,36.584081667,-121.753785,217.2,-0.1543486047
15:13:26.810787,100.0,90,5676.0,77.050004,17,156.25,75.68627450980392,18.5,-0.46435546875,-0.20263671875,0.85546875,5,78.9727991352,36.583768333,-121.753716667,217.2,0.0
15:13:26.950481,100.0,90,6496.0,77.050004,17,156.25,75.68627450980392,18.5,-0.2978515625,-0.47900390625,0.9296875,5,71.3493202248,36.583768333,-121.753716667,217.2,0.0
15:13:27.818107,100.0,90,6496.0,77.050004,17,217.56,100.0,18.5,-0.13330078125,-0.35302734375,1.16162109375,5,74.31997163119999,36.583471667,-121.753666667,217.2,0.0
15:13:27.957783,100.0,90,6496.0,77.050004,17,217.56,100.0,18.5,-0.4248046875,-0.55810546875,0.8291015625,5,77.3331248273,36.583471667,-121.753666667,217.2,0.0
15:13:28.813128,100.0,90,6496.0,89.477424,17,217.56,100.0,19.5,-0.08447265625,-0.21240234375,0.6201171875,5,82.3371513304,36.58314,-121.753661667,217.2,0.0
15:13:29.159320,100.0,90,7435.0,89.477424,17,217.56,100.0,19.5,-0.1357421875,-0.314453125,0.8544921875,5,85.9520403912,36.58314,-121.753661667,217.2,0.0
15:13:29.825030,100.0,90,7435.0,89.477424,17,237.01,100.0,19.5,0.0087890625,-0.11083984375,1.10791015625,5,89.2515214337,36.582781667,-121.753698333,217.2,0.0
15:13:29.964487,100.0,90,7435.0,89.477424,17,237.01,100.0,19.5,-0.33642578125,-0.1513671875,1.060546875,5,90.6585543664,36.582781667,-121.753698333,217.2,0.0
15:13:30.823316,100.0,90,7435.0,98.176618,17,237.01,100.0,21.5,-0.1708984375,-0.798828125,1.23046875,5,91.9447927389,36.582415,-121.753763333,217.3,0.22369363
15:13:30.962969,100.0,90,7435.0,98.176618,17,237.01,100.0,21.5,-0.251953125,0.26025390625,0.857421875,4,93.07444557039999,36.582415,-121.753763333,217.3,0.22369363
15:13:31.817189,100.0,90,5874.0,98.176618,17,24.72,0.0,21.5,0.0810546875,-0.66357421875,1.08837890625,5,95.48362596550001,36.582038333,-121.75386,217.5,0.44738726
15:13:31.956638,100.0,91,5874.0,98.176618,17,24.72,0.0,21.5,-0.11669921875,-0.7705078125,0.904296875,5,95.87061594539999,36.582038333,-121.75386,217.5,0.44738726
15:13:32.798146,32.15686274509804,91,5874.0,95.691134,17,24.72,0.0,60.0,-0.12255859375,0.03173828125,0.97802734375,5,95.5059953285,36.581666667,-121.753983333,217.9,0.89477452
15:13:32.937889,32.15686274509804,91,5874.0,95.691134,18,24.72,0.0,60.0,0.0498046875,0.0400390625,0.93896484375,4,94.3875271785,36.581666667,-121.753983333,217.9,0.89477452
15:13:33.808873,32.15686274509804,91,5463.0,95.691134,18,18.95,0.0,60.0,-0.02734375,0.12158203125,0.94677734375,4,93.2645851559,36.581306667,-121.754116667,218.2,0.6710808899999999
15:13:34.156183,15.294117647058824,91,5463.0,95.691134,18,18.95,0.0,60.0,0.08251953125,0.109375,0.853515625,4,90.9806731936,36.581306667,-121.754116667,218.2,0.6710808899999999
15:13:34.748328,15.294117647058824,91,5463.0,66.486697,18,18.95,0.0,46.0,0.0908203125,0.39990234375,1.2177734375,4,81.7040983575,36.580991667,-121.754235,218.5,0.6710808899999999
15:13:34.888007,15.294117647058824,91,5463.0,66.486697,18,18.95,0.0,46.0,-0.05859375,0.05517578125,1.169921875,4,72.02711192369999,36.580991667,-121.754235,218.5,0.6710808899999999
15:13:35.767843,15.294117647058824,91,4850.0,66.486697,18,16.59,0.0,46.0,0.2783203125,0.18212890625,0.91357421875,4,63.6229422446,36.580746667,-121.754328333,218.7,0.44738726
15:13:35.907567,15.294117647058824,91,4850.0,66.486697,18,16.59,0.0,46.0,0.50732421875,-0.08349609375,1.04052734375,4,55.4558878133,36.580746667,-121.754328333,218.7,0.44738726
15:13:36.768129,10.196078431372548,91,4850.0,50.331051,18,16.59,0.0,21.5,0.50048828125,-0.2587890625,1.0234375,5,51.480852008199996,36.580545,-121.754388333,219.0,0.6710808899999999
15:13:36.907826,10.196078431372548,91,4850.0,50.331051,18,16.59,0.0,21.5,0.6201171875,0.07763671875,0.99169921875,5,48.8613996009,36.580545,-121.754388333,219.0,0.6710808899999999
15:13:37.771252,10.196078431372548,91,4000.0,50.331051,19,44.72,25.88235294117647,21.5,0.77587890625,-0.48779296875,0.8857421875,5,47.6198999544,36.580353333,-121.754398333,219.2,0.44738726
15:13:37.910963,10.196078431372548,91,4000.0,50.331051,19,44.72,25.88235294117647,21.5,0.68359375,-0.287109375,0.82177734375,5,47.7563530687,36.580353333,-121.754398333,219.2,0.44738726
15:13:38.753918,68.23529411764706,91,4000.0,52.195164,19,44.72,25.88235294117647,28.5,0.8984375,-0.58447265625,0.884765625,5,47.3223874265,36.580171667,-121.754326667,219.5,0.6710808899999999
15:13:39.101126,68.23529411764706,91,4000.0,52.195164,18,44.72,25.88235294117647,28.5,0.8359375,-0.60693359375,0.98046875,5,49.666696668899995,36.580171667,-121.754326667,219.5,0.6710808899999999
15:13:39.761240,68.23529411764706,91,4429.0,52.195164,18,140.9,93.72549019607843,28.5,0.9912109375,-0.482421875,0.77734375,5,50.0872406933,36.58002,-121.754161667,220.1,1.3421617799999999
15:13:39.900911,68.23529411764706,91,4429.0,52.195164,18,140.9,93.72549019607843,28.5,0.7421875,-0.484375,0.98779296875,5,52.7738011896,36.58002,-121.754161667,220.1,1.3421617799999999
15:13:40.759917,100.0,91,4429.0,61.515729,18,140.9,93.72549019607843,18.0,0.66357421875,-0.34423828125,0.86865234375,5,54.6058520193,36.579923333,-121.753916667,220.7,1.3421617799999999
15:13:40.899630,100.0,91,4429.0,61.515729,18,140.9,93.72549019607843,18.0,0.7060546875,-0.52587890625,0.75439453125,5,58.3437725766,36.579923333,-121.753916667,220.7,1.3421617799999999
15:13:41.764367,100.0,91,5230.0,61.515729,17,176.87,100.0,18.0,0.6591796875,-0.529296875,0.9267578125,5,60.627684538900006,36.57989,-121.753616667,221.4,1.56585541
15:13:41.901666,100.0,91,5230.0,61.515729,17,176.87,100.0,18.0,0.345703125,-0.63232421875,0.97216796875,5,63.7191305055,36.57989,-121.753616667,221.4,1.56585541
15:13:50.143730,10.980392156862745,92,6452.0,85.127827,17,21.94,0.0,20.0,0.7060546875,-0.103515625,0.99609375,5,80.5654977808,36.580373333,-121.750196667,239.5,4.693092357399999
15:13:50.276511,11.372549019607844,92,6452.0,85.127827,17,21.94,0.0,20.0,0.3994140625,0.03857421875,1.02294921875,4,73.0158377683,36.580373333,-121.750196667,239.5,4.693092357399999
15:13:50.392841,11.372549019607844,92,6452.0,85.127827,17,21.94,0.0,20.0,0.70849609375,0.06884765625,0.95166015625,5,65.3901219216,36.580386667,-121.750153333,233.4,-96.09430957539999
15:13:50.529219,11.372549019607844,92,6452.0,85.127827,17,21.94,0.0,20.5,1.14013671875,-0.43017578125,0.88427734375,5,72.901754017,36.580386667,-121.750153333,233.4,-96.09430957539999
15:14:02.057439,14.117647058823529,93,5746.0,99.41936,16,22.29,0.0,18.0,-0.013671875,0.546875,1.0830078125,4,6089.0256121794,36.58371,-121.749208333,244.6,180.24337930879997
15:14:02.188671,14.117647058823529,93,5746.0,99.41936,16,22.29,0.0,18.0,-0.02099609375,0.90283203125,1.02587890625,4,91.90229094920001,36.58371,-121.749208333,244.6,180.24337930879997
15:14:03.766745,11.372549019607844,93,4174.0,78.292746,17,17.36,0.0,21.0,-0.0703125,0.75732421875,1.03515625,4,82.1045099552,36.584306667,-121.749138333,244.2,-0.4943629223
15:14:03.904457,11.372549019607844,93,4174.0,78.292746,17,17.36,0.0,21.0,-0.1357421875,0.80615234375,1.28173828125,4,69.66714412719999,36.584306667,-121.749138333,244.2,-0.4943629223
15:14:04.763498,10.980392156862745,93,4174.0,78.292746,17,17.36,0.0,43.5,0.447265625,0.244140625,0.9873046875,4,59.386184892399996,36.584543333,-121.749095,243.7,-1.11846815
15:14:04.902358,10.980392156862745,93,4174.0,46.602825,17,17.36,0.0,43.5,0.40869140625,0.2001953125,1.1708984375,4,52.279438267299994,36.584543333,-121.749095,243.7,-1.11846815
15:14:05.767544,10.980392156862745,93,4656.0,46.602825,17,15.62,0.0,43.5,0.708984375,0.19140625,0.86376953125,5,43.2444525516,36.584716667,-121.749073333,244.3,1.3421617799999999
15:14:09.968958,44.31372549019608,93,6369.0,48.466938,17,145.69,60.0,49.5,-0.5107421875,-0.6826171875,0.951171875,5,38.0100216096,36.585193333,-121.749588333,256.7,6.7175197089
15:14:10.107109,44.31372549019608,93,6369.0,48.466938,17,145.69,60.0,49.5,-0.54052734375,-0.5712890625,0.8046875,5,48.8166608749,36.585193333,-121.749588333,256.7,6.7175197089
15:14:10.222437,44.31372549019608,93,6369.0,48.466938,17,145.69,60.0,49.5,-0.69482421875,-0.29052734375,0.98388671875,5,61.663386045799996,36.585228333,-121.74959,252.5,-66.6316215681
15:14:10.360934,44.31372549019608,93,6369.0,48.466938,17,145.69,60.0,49.5,-0.47216796875,-0.4853515625,0.9365234375,5,49.5190588731,36.585228333,-121.74959,252.5,-66.6316215681
15:14:11.779975,100.0,93,5604.0,65.243955,17,190.34,60.0,25.5,0.08154296875,-0.5126953125,0.95654296875,5,57.1380639109,36.585625,-121.749633333,249.8,-3.4918575643
15:14:11.920115,100.0,93,5604.0,65.243955,17,190.34,60.0,25.5,0.41357421875,-0.263671875,0.94189453125,5,51.5323015431,36.585625,-121.749633333,249.8,-3.4918575643
15:14:12.757251,13.333333333333334,93,5604.0,65.243955,17,190.34,48.627450980392155,60.0,0.4990234375,-0.13916015625,0.89697265625,5,62.9071226286,36.585878333,-121.749641667,248.0,-4.02648534
15:14:12.897212,13.333333333333334,93,5604.0,65.243955,17,190.34,48.627450980392155,60.0,0.49609375,-0.20849609375,0.91455078125,4,55.9614354171,36.585878333,-121.749641667,248.0,-4.02648534
15:14:13.743115,13.333333333333334,93,5828.0,72.700407,17,190.34,48.627450980392155,60.0,1.02001953125,-0.0419921875,0.77783203125,4,73.65336461380001,36.586175,-121.749648333,245.7,-5.14495349
15:14:14.088590,13.333333333333334,93,5828.0,72.700407,17,26.31,1.9607843137254901,60.0,0.89501953125,0.26513671875,0.90185546875,4,70.51941685749999,36.586175,-121.749648333,245.7,-5.14495349
15:14:14.747999,11.764705882352942,93,5828.0,72.700407,17,26.31,1.9607843137254901,60.0,1.1826171875,-0.32666015625,1.03125,5,72.6870081322,36.58646,-121.749731667,243.9,-4.02648534
15:14:14.888163,11.764705882352942,93,5828.0,72.700407,17,26.31,1.9607843137254901,20.0,1.134765625,-0.1845703125,1.1591796875,5,68.51735886899999,36.58646,-121.749731667,243.9,-4.02648534
15:14:15.738793,11.764705882352942,93,5674.0,71.457665,17,26.31,1.9607843137254901,20.0,1.08154296875,0.2841796875,1.283203125,5,68.920007403,36.586695,-121.749915,242.4,-3.35540445
15:14:15.876849,11.764705882352942,93,5674.0,71.457665,17,20.2,1.9607843137254901,20.0,1.01416015625,-0.38134765625,1.392578125,5,67.6091627312,36.586695,-121.749915,242.4,-3.35540445
15:14:16.747148,30.980392156862745,93,5674.0,71.457665,17,20.2,3.9215686274509802,20.0,1.36279296875,-0.61328125,1.16015625,5,66.2692378875,36.586855,-121.75018,241.6,-1.78954904
15:14:16.887316,30.980392156862745,93,5674.0,71.457665,17,20.2,3.9215686274509802,37.0,1.423828125,-0.34375,1.0771484375,5,67.6315320942,36.586855,-121.75018,241.6,-1.78954904
15:14:17.764842,30.980392156862745,93,5825.0,69.593552,17,20.2,3.9215686274509802,37.0,0.83349609375,-0.50927734375,0.7734375,5,67.264674541,36.586933333,-121.750501667,241.0,-1.3421617799999999
15:14:17.905065,30.980392156862745,93,5825.0,69.593552,17,103.26,3.9215686274509802,37.0,0.8359375,-0.2314453125,0.9638671875,3,68.8282930147,36.586933333,-121.750501667,241.0,-1.3421617799999999
15:14:18.755197,100.0,92,5825.0,69.593552,17,103.26,57.64705882352941,37.0,0.5927734375,-0.3408203125,1.04443359375,5,69.4277919431,36.586925,-121.750848333,239.8,-2.6843235599999997
15:14:25.607671,28.627450980392158,92,4779.0,61.515729,18,19.93,0.7843137254901961,14.0,-0.7578125,-0.55908203125,1.14990234375,5,436.5940423525,36.58661,-121.753038333,237.6,-4.8250715991
15:14:25.747307,28.627450980392158,92,5246.0,61.515729,18,19.93,0.7843137254901961,14.0,-0.41259765625,-0.67138671875,1.0439453125,5,58.182713163,36.58661,-121.753038333,237.6,-4.8250715991
15:14:26.497741,28.627450980392158,91,5246.0,61.515729,18,176.11,100.0,14.0,-0.29541015625,-0.69140625,0.8642578125,5,63.7593953589,36.586788333,-121.753266667,239.3,3.8095025189
15:14:26.637422,28.627450980392158,91,5246.0,61.515729,18,176.11,100.0,14.0,-0.19482421875,-0.5078125,0.8701171875,5,64.535612255,36.586788333,-121.753266667,239.3,3.8095025189
15:14:27.493981,100.0,91,5246.0,73.943149,18,176.11,100.0,20.0,-0.31005859375,-0.19873046875,1.05810546875,5,70.3248033994,36.587028333,-121.753453333,239.3,0.0
15:14:27.841255,100.0,91,5846.0,73.943149,17,176.11,100.0,20.0,0.02685546875,-0.220703125,1.1533203125,5,71.0943094866,36.587028333,-121.753453333,239.3,0.0
15:14:28.490996,100.0,91,5846.0,73.943149,17,20.0,6.666666666666667,20.0,-0.107421875,-0.3740234375,1.22705078125,5,73.93074471499999,36.587301667,-121.7536,239.0,-0.6710808899999999
15:14:28.630702,100.0,91,5846.0,73.943149,17,20.0,6.666666666666667,20.0,0.2626953125,-0.13818359375,0.9248046875,5,69.86399452159999,36.587301667,-121.7536,239.0,-0.6710808899999999
15:14:29.489871,29.80392156862745,91,5846.0,72.700407,17,20.0,6.666666666666667,25.0,0.20458984375,-0.36669921875,0.978515625,5,67.17519708900001,36.58755,-121.753733333,238.7,-0.6710808899999999
15:14:29.629501,29.80392156862745,91,5846.0,72.700407,18,20.0,6.666666666666667,25.0,0.3056640625,-0.30322265625,0.83544921875,5,69.322655937,36.58755,-121.753733333,238.7,-0.6710808899999999
15:14:30.512172,29.80392156862745,91,5815.0,72.700407,18,19.51,0.0,25.0,0.0732421875,-0.0390625,1.091796875,5,70.0138692537,36.587806667,-121.753878333,238.7,0.0
15:14:30.651802,29.80392156862745,91,5815.0,72.700407,18,19.51,0.0,25.0,0.0576171875,-0.53955078125,1.1611328125,5,71.268790518,36.587806667,-121.753878333,238.7,0.0
15:14:31.500737,11.372549019607844,91,5815.0,62.758471,18,19.51,0.0,20.5,0.07470703125,0.01220703125,1.11279296875,4,68.8730317407,36.588056667,-121.754028333,238.7,0.0
15:14:31.640490,11.372549019607844,91,5815.0,62.758471,18,19.51,0.0,20.5,-0.087890625,0.08544921875,0.85546875,4,66.3542414669,36.588056667,-121.754028333,238.7,0.0
15:14:32.494552,11.372549019607844,91,4419.0,62.758471,18,15.06,0.0,20.5,0.1611328125,0.38623046875,1.18701171875,4,58.0440231124,36.588265,-121.75416,238.9,0.44738726
15:14:32.839443,11.372549019607844,91,4419.0,62.758471,18,15.06,0.0,20.5,-0.12451171875,0.22021484375,1.16796875,4,50.243826234299995,36.588265,-121.75416,238.9,0.44738726
15:14:33.491999,10.980392156862745,91,4419.0,36.039518,18,15.06,0.0,21.0,0.04248046875,0.25439453125,1.1240234375,4,44.0497496196,36.588421667,-121.754263333,239.0,0.22369363
15:14:33.631754,10.980392156862745,91,4419.0,36.039518,18,15.06,0.0,21.0,0.31396484375,0.25341796875,0.86376953125,4,38.367931417600005,36.588421667,-121.754263333,239.0,0.22369363
15:14:34.575849,10.980392156862745,91,4046.0,36.039518,18,14.51,8.627450980392156,21.0,0.509765625,-0.29931640625,0.89453125,5,35.189244935299996,36.588545,-121.75435,238.9,-0.22369363
15:14:34.715527,10.980392156862745,91,4046.0,36.039518,18,14.51,8.627450980392156,21.0,0.87841796875,-0.55908203125,0.95849609375,5,32.717430323799995,36.588545,-121.75435,238.9,-0.22369363
15:14:35.554696,33.72549019607843,90,4046.0,32.932663,18,14.51,8.627450980392156,54.0,0.9580078125,-0.1962890625,0.93115234375,5,31.0598605255,36.588638333,-121.754453333,238.8,-0.22369363
15:14:35.694492,33.72549019607843,90,4046.0,32.932663,18,14.51,8.627450980392156,54.0,0.86279296875,-0.30078125,0.677734375,3,31.5318540848,36.588638333,-121.754453333,238.8,-0.22369363
15:15:09.295483,56.470588235294116,91,4975.0,65.865326,17,16.38,4.705882352941177,59.0,-0.9765625,-0.07763671875,1.10693359375,5,855.4424690371,36.584678333,-121.756958333,238.2,-1.0401753795
15:15:09.428072,56.470588235294116,91,4975.0,59.651616000000004,17,16.38,4.705882352941177,59.0,-0.9541015625,-0.03173828125,0.9208984375,5,8.6189155639,36.584678333,-121.756958333,238.2,-1.0401753795
15:15:10.242700,56.470588235294116,91,4902.0,59.651616000000004,17,119.58,4.705882352941177,59.0,-1.00439453125,-0.62841796875,0.88671875,5,63.7661061678,36.584873333,-121.75675,217.3,-46.6580173454
15:15:10.381108,56.470588235294116,91,4902.0,59.651616000000004,17,119.58,4.705882352941177,59.0,-0.8046875,-0.30712890625,0.82958984375,5,58.679313021599995,36.584873333,-121.75675,217.3,-46.6580173454
15:15:11.178006,85.49019607843137,91,4902.0,59.651616000000004,17,119.58,32.94117647058823,20.5,-0.8310546875,-0.51318359375,0.90087890625,5,57.4601827381,36.584958333,-121.756483333,217.8,1.1207050863
15:15:11.316713,85.49019607843137,91,4902.0,59.651616000000004,17,119.58,32.94117647058823,20.5,-0.7001953125,-0.2001953125,0.79541015625,5,55.880905710300006,36.584958333,-121.756483333,217.8,1.1207050863
15:15:12.161865,85.49019607843137,91,5501.0,65.865326,17,119.58,32.94117647058823,20.5,-0.26123046875,-0.0791015625,0.85107421875,5,62.081693133899996,36.584965,-121.756173333,218.6,1.78954904
15:15:12.503782,85.49019607843137,91,5501.0,65.865326,17,183.81,100.0,20.5,0.048828125,-0.3681640625,0.85791015625,5,62.68342899859999,36.584965,-121.756173333,218.6,1.78954904
15:15:13.169624,100.0,92,5501.0,65.865326,17,183.81,100.0,18.5,-0.32373046875,-0.7646484375,0.86279296875,5,68.61578406619999,36.584911667,-121.755836667,220.3,3.7983178374
15:15:13.309339,100.0,92,5501.0,65.865326,17,183.81,100.0,18.5,-0.12353515625,-0.8037109375,0.75439453125,5,71.16365451189999,36.584911667,-121.755836667,220.3,3.7983178374
15:15:14.161117,100.0,92,6500.0,77.050004,17,183.81,100.0,18.5,0.11865234375,-0.3798828125,0.84228515625,5,74.758411146,36.584836667,-121.755475,220.7,0.89477452
15:15:14.300832,100.0,92,6500.0,77.050004,17,216.38,100.0,18.5,0.07470703125,-0.57177734375,0.9130859375,5,77.0781140891,36.584836667,-121.755475,220.7,0.89477452
15:15:15.169748,12.156862745098039,92,6500.0,77.050004,17,216.38,49.80392156862745,18.5,0.06494140625,0.19775390625,1.15966796875,4,80.2635113803,36.584761667,-121.755085,220.7,0.0
15:15:15.309458,12.156862745098039,92,6500.0,77.050004,17,216.38,49.80392156862745,20.0,0.18701171875,0.75244140625,1.0908203125,4,81.9591090957,36.584761667,-121.755085,220.7,0.0
15:15:16.160981,12.156862745098039,92,6500.0,78.914117,17,216.38,49.80392156862745,20.0,-1.0283203125,0.12255859375,0.97607421875,5,77.39799598,36.58469,-121.754708333,220.5,-0.44738726
15:15:16.300638,12.156862745098039,92,6500.0,78.914117,17,216.38,49.80392156862745,20.0,-0.49853515625,0.099609375,0.943359375,5,71.8078921663,36.58469,-121.754708333,220.5,-0.44738726
15:15:17.177782,12.156862745098039,92,6500.0,78.914117,17,216.38,49.80392156862745,20.0,-0.6630859375,-0.609375,1.0478515625,5,68.75000024420001,36.584596667,-121.754385,220.4,-0.22369363
15:15:17.524897,12.156862745098039,92,6500.0,78.914117,17,216.38,49.80392156862745,20.0,-0.771484375,-0.2021484375,0.94091796875,5,65.9404082514,36.584596667,-121.754385,220.4,-0.22369363
15:15:18.176435,12.156862745098039,92,6500.0,78.914117,17,216.38,49.80392156862745,20.0,-0.681640625,-0.30419921875,0.8193359375,1,69.6246423375,36.584438333,-121.754096667,218.7,-3.7916070285
15:15:18.316005,12.156862745098039,92,6500.0,78.914117,17,216.38,49.80392156862745,20.0,-0.7236328125,-1.0244140625,1.1015625,5,68.79250203389999,36.584438333,-121.754096667,218.7,-3.7916070285
15:15:19.817397,12.156862745098039,92,6500.0,78.914117,17,216.38,49.80392156862745,20.0,-0.7802734375,-0.60009765625,0.94384765625,5,68.90211191259999,36.584095,-121.753756667,218.1,-0.8477988577
15:15:19.956890,12.156862745098039,92,6500.0,78.914117,17,216.38,49.80392156862745,20.0,-0.37890625,-0.2939453125,0.68994140625,5,70.3583574439,36.584095,-121.753756667,218.1,-0.8477988577
15:15:20.795369,12.156862745098039,92,6500.0,78.914117,17,216.38,49.80392156862745,20.0,-0.439453125,-0.37939453125,0.84716796875,5,73.64889074119999,36.583815,-121.753635,217.9,-0.44738726
15:15:20.935125,12.156862745098039,92,6500.0,78.914117,17,216.38,49.80392156862745,20.0,-0.44580078125,-0.3095703125,0.701171875,5,75.9753044932,36.583815,-121.753635,217.9,-0.44738726
15:15:21.797644,12.156862745098039,92,6500.0,78.914117,17,216.38,49.80392156862745,20.0,-0.4794921875,-0.29248046875,1.09228515625,5,81.2544741612,36.58349,-121.753586667,217.8,-0.22369363
15:15:21.937381,12.156862745098039,92,6500.0,78.914117,17,216.38,49.80392156862745,20.0,-0.20361328125,-0.17822265625,0.98193359375,5,81.8539730896,36.58349,-121.753586667,217.8,-0.22369363
15:15:22.799737,12.156862745098039,92,6500.0,78.914117,17,216.38,49.80392156862745,20.0,-0.1044921875,-0.07470703125,0.7490234375,5,86.904975255,36.58314,-121.753576667,217.9,0.22369363
15:15:23.144957,12.156862745098039,92,6500.0,78.914117,17,216.38,49.80392156862745,20.0,-0.03173828125,-0.1484375,0.830078125,5,87.36802106910001,36.58314,-121.753576667,217.9,0.22369363
15:15:23.819052,12.156862745098039,92,6500.0,78.914117,17,216.38,49.80392156862745,20.0,-0.375,0.2919921875,1.14794921875,4,93.3764319709,36.582765,-121.753613333,217.9,0.0
15:15:23.958804,12.156862745098039,92,6500.0,78.914117,17,216.38,49.80392156862745,20.0,-0.49267578125,-0.44970703125,0.8271484375,5,94.69846132420001,36.582765,-121.753613333,217.9,0.0
15:15:24.796799,12.156862745098039,92,,78.914117,17,216.38,49.80392156862745,20.0,-0.49951171875,-0.4560546875,1.08056640625,5,98.06728739200001,36.582376667,-121.753703333,218.2,0.6710808899999999
