time,engineLoad,coolantTemp,rpm,speed,intakeTemp,maf,throttlePos,timingAdvance,xG,yG,zG,gpsSpeed,gpsLat,gpsLon,gpsAlt,gpsClimb
19:28:51.748877,39.21568627450981,88,1022.0,0.0,62,12.08,0.0,-11.5,0.01611328125,-0.0322265625,1.00048828125,,38.160215,-122.453833333,-7.0,
19:28:51.853050,39.21568627450981,88,1022.0,0.0,62,12.08,0.0,-11.5,0.0029296875,-0.02587890625,0.994140625,,38.160215,-122.453833333,-7.0,
19:28:51.957146,39.21568627450981,88,1022.0,0.0,62,12.08,0.0,-11.5,-0.01708984375,-0.04541015625,1.0166015625,0.0111846815,38.160215,-122.453833333,-7.0,
19:28:52.079840,39.21568627450981,88,1022.0,0.0,62,12.08,0.0,-11.5,-0.0029296875,-0.0546875,0.99951171875,0.0111846815,38.160215,-122.453833333,-7.3,-0.6710808899999999
19:28:52.184664,39.21568627450981,88,1022.0,0.0,60,12.08,0.0,-11.5,0.01025390625,-0.00244140625,0.9833984375,0.0111846815,38.160216667,-122.453831667,-7.5,-0.44738726
19:28:52.289880,39.21568627450981,88,1022.0,0.0,60,12.08,0.0,-11.5,0.0048828125,-0.0673828125,1.0439453125,0.0111846815,38.160216667,-122.45383,-7.7,-0.44738726
19:28:52.395820,39.21568627450981,88,1022.0,0.0,60,12.08,0.0,-11.5,-0.01513671875,-0.00048828125,0.982421875,0.0,38.160216667,-122.453828333,-8.0,-0.6710808899999999
19:28:52.500398,39.21568627450981,88,1019.0,0.0,60,12.08,0.0,-11.5,0.01416015625,-0.03125,1.03857421875,0.0,38.160218333,-122.453828333,-8.1,-0.22369363
19:28:52.604646,39.21568627450981,88,1019.0,0.0,60,12.08,0.0,-11.5,0.01025390625,-0.06591796875,1.00244140625,0.0111846815,38.160218333,-122.453826667,-8.2,-0.22369363
19:28:52.709207,39.21568627450981,88,1019.0,0.0,60,13.05,0.0,-11.5,0.00439453125,-0.0107421875,1.00439453125,0.0111846815,38.160218333,-122.453826667,-8.3,-0.22369363
19:28:52.813539,39.21568627450981,88,1019.0,0.0,60,13.05,0.0,-11.5,-0.01513671875,-0.04345703125,1.0068359375,0.0111846815,38.160218333,-122.453826667,-8.5,-0.44738726
19:28:52.919851,39.21568627450981,88,1019.0,0.0,60,13.05,0.0,-11.5,-0.00146484375,-0.05810546875,1.01025390625,0.0111846815,38.160218333,-122.453826667,-8.5,0.0
19:28:53.024173,39.21568627450981,88,1019.0,0.0,60,13.05,0.0,-11.5,0.00537109375,-0.02490234375,1.00390625,0.0335540445,38.160218333,-122.453828333,-8.7,-0.44738726
19:28:53.128901,39.21568627450981,88,1019.0,0.0,60,13.05,0.0,-11.5,-0.001953125,-0.02978515625,0.99365234375,0.022369363,38.160218333,-122.453828333,-8.8,-0.22369363
19:28:53.233308,39.21568627450981,86,1019.0,0.0,60,13.05,0.0,-11.5,-0.00634765625,-0.052734375,1.02587890625,0.0111846815,38.160218333,-122.45383,-8.7,0.22369363
19:28:53.338013,39.21568627450981,86,1019.0,0.0,60,13.05,0.0,-11.5,0.00341796875,-0.03076171875,1.0048828125,0.0111846815,38.160216667,-122.45383,-8.7,0.0
19:28:53.444235,39.21568627450981,86,1019.0,0.0,60,13.05,0.0,-11.5,-0.00390625,-0.013671875,0.99755859375,0.0335540445,38.160216667,-122.453831667,-8.7,0.0
19:28:53.549066,40.78431372549019,86,1019.0,0.0,60,13.05,0.0,-11.5,0.0244140625,-0.02685546875,1.0283203125,0.0335540445,38.160216667,-122.453833333,-8.7,0.0
19:28:53.653367,40.78431372549019,86,1019.0,0.0,60,13.05,0.0,-11.5,0.00341796875,-0.05615234375,0.98974609375,0.022369363,38.160216667,-122.453835,-8.5,0.44738726
19:28:53.757918,40.78431372549019,86,1019.0,0.0,60,13.05,0.0,-11.5,0.013671875,-0.0400390625,1.0126953125,0.022369363,38.160216667,-122.453835,-8.5,0.0
19:28:53.862185,40.78431372549019,86,1019.0,0.0,60,13.05,0.0,-11.5,-0.0068359375,-0.02197265625,1.0068359375,0.0111846815,38.160215,-122.453836667,-8.6,-0.22369363
19:28:53.968557,40.78431372549019,86,1019.0,0.0,60,13.05,0.0,-11.5,0.00048828125,-0.02099609375,0.9873046875,0.022369363,38.160213333,-122.453836667,-8.8,-0.44738726
19:28:54.072907,40.78431372549019,86,1019.0,0.0,60,13.05,0.0,-11.5,-0.025390625,-0.05029296875,1.00732421875,0.0111846815,38.160211667,-122.453836667,-9.2,-0.89477452
19:28:54.177576,40.78431372549019,86,1019.0,0.0,60,13.05,0.0,-11.5,0.013671875,-0.02294921875,1.0078125,0.046975662300000005,38.160211667,-122.453836667,-9.2,0.0
19:28:54.281990,40.78431372549019,86,1019.0,0.0,59,13.05,0.0,-11.5,-0.00537109375,-0.05322265625,1.001953125,0.046975662300000005,38.160211667,-122.453836667,-9.2,0.0
19:28:54.386905,40.78431372549019,86,1019.0,0.0,59,13.05,0.0,-11.5,0.00927734375,-0.03125,1.01513671875,0.022369363,38.160211667,-122.453836667,-9.2,0.0
19:28:54.493021,40.78431372549019,86,1019.0,0.0,59,13.05,0.0,-11.5,-0.001953125,-0.03369140625,0.97265625,0.0111846815,38.16021,-122.453838333,-9.0,0.44738726
19:28:54.597594,40.78431372549019,86,1023.0,0.0,59,13.05,0.0,-11.5,0.00341796875,-0.001953125,1.01025390625,0.022369363,38.16021,-122.453841667,-8.8,0.44738726
19:28:54.701842,40.78431372549019,86,1023.0,0.0,59,13.05,0.0,-11.5,0.0263671875,-0.03759765625,1.0439453125,0.022369363,38.160208333,-122.453843333,-8.7,0.22369363
19:28:54.806416,40.78431372549019,86,1023.0,0.0,59,13.47,0.0,-11.5,0.00927734375,-0.0341796875,0.96142578125,0.022369363,38.160206667,-122.453845,-8.4,0.6710808899999999
19:28:54.910640,40.78431372549019,86,1023.0,0.0,59,13.47,0.0,-11.5,0.0107421875,-0.0498046875,1.02880859375,0.0,38.160206667,-122.453846667,-8.2,0.44738726
19:28:55.017004,40.78431372549019,86,1023.0,0.0,59,13.47,0.0,-11.5,0.021484375,-0.029296875,1.0341796875,0.0111846815,38.160206667,-122.453848333,-8.1,0.22369363
19:28:55.121359,40.78431372549019,86,1023.0,0.0,59,13.47,0.0,-11.5,0.0205078125,-0.03173828125,1.0205078125,0.0111846815,38.160205,-122.45385,-7.9,0.44738726
19:28:55.226106,40.78431372549019,86,1023.0,0.0,59,13.47,0.0,-11.5,0.0029296875,-0.03564453125,0.9609375,0.022369363,38.160205,-122.45385,-7.9,0.0
19:28:55.330400,40.78431372549019,84,1023.0,0.0,59,13.47,0.0,-11.5,0.0087890625,-0.04541015625,1.0400390625,0.0111846815,38.160205,-122.45385,-7.9,0.0
19:28:55.434913,40.78431372549019,84,1023.0,0.0,59,13.47,0.0,-11.5,0.001953125,-0.033203125,0.982421875,0.0111846815,38.160205,-122.45385,-7.9,0.0
19:28:55.540789,42.35294117647059,84,1023.0,0.0,59,13.47,0.0,-11.5,-0.001953125,-0.03759765625,0.99755859375,0.0335540445,38.160205,-122.45385,-7.9,0.0
19:28:55.645312,42.35294117647059,84,1023.0,0.0,59,13.47,0.0,-11.5,0.01025390625,-0.0400390625,1.00537109375,0.0111846815,38.160205,-122.45385,-7.9,0.0
19:28:55.749475,42.35294117647059,84,1023.0,0.0,59,13.47,0.0,-11.5,0.00439453125,-0.02783203125,1.00927734375,0.0111846815,38.160203333,-122.453851667,-7.8,0.22369363
19:28:55.854065,42.35294117647059,84,1023.0,0.0,59,13.47,0.0,-11.5,-0.00244140625,-0.02734375,0.9873046875,0.0111846815,38.160203333,-122.453851667,-7.7,0.22369363
19:28:55.958282,42.35294117647059,84,1023.0,0.0,59,13.47,0.0,-11.5,0.02685546875,-0.048828125,1.0615234375,0.022369363,38.160201667,-122.453853333,-7.6,0.22369363
19:28:56.064721,42.35294117647059,84,1023.0,0.0,59,13.47,0.0,-11.5,-0.0380859375,-0.02880859375,0.970703125,0.022369363,38.160201667,-122.453853333,-7.4,0.44738726
19:28:56.169059,42.35294117647059,84,1023.0,0.0,59,13.47,0.0,-11.5,0.001953125,-0.041015625,0.95654296875,0.0,38.160201667,-122.453855,-7.4,0.0
19:28:56.273795,42.35294117647059,84,1023.0,0.0,59,13.47,0.0,-11.5,0.0146484375,-0.05029296875,1.03662109375,0.0111846815,38.1602,-122.453855,-7.4,0.0
19:28:56.378194,42.35294117647059,84,1023.0,0.0,58,13.47,0.0,-11.5,0.02294921875,-0.06005859375,1.0283203125,0.0335540445,38.160198333,-122.453856667,-7.4,0.0
19:28:56.482940,42.35294117647059,84,1023.0,0.0,58,13.47,0.0,-11.5,-0.0087890625,-0.01806640625,0.98193359375,0.0111846815,38.160198333,-122.453856667,-7.3,0.22369363
19:28:56.588893,42.35294117647059,84,1074.0,0.0,58,13.47,0.0,-11.5,0.0029296875,-0.037109375,0.9892578125,0.0335540445,38.160198333,-122.453858333,-7.2,0.22369363
19:28:56.693501,42.35294117647059,84,1074.0,0.0,58,13.47,0.0,-11.5,0.02294921875,-0.0498046875,1.037109375,0.0917143883,38.160198333,-122.453858333,-7.2,0.0
19:28:56.797741,42.35294117647059,84,1074.0,0.0,58,13.54,0.0,-11.5,-0.00634765625,-0.01171875,0.91748046875,0.0111846815,38.160198333,-122.453858333,-7.2,0.0
19:28:56.902262,42.35294117647059,84,1074.0,0.0,58,13.54,0.0,-11.5,0.03271484375,-0.02587890625,1.021484375,0.0111846815,38.160198333,-122.453858333,-7.2,0.0
19:28:57.006569,42.35294117647059,84,1074.0,0.0,58,13.54,0.0,-11.5,-0.01513671875,-0.0400390625,1.01611328125,0.0111846815,38.160198333,-122.453858333,-7.2,0.0
19:28:57.113223,42.35294117647059,84,1074.0,0.0,58,13.54,0.0,-11.5,-0.0166015625,-0.04736328125,1.01123046875,0.022369363,38.160198333,-122.453858333,-7.2,0.0
19:28:57.217604,42.35294117647059,84,1074.0,0.0,58,13.54,0.0,-11.5,-0.02392578125,-0.04296875,0.9755859375,0.0,38.160198333,-122.453858333,-7.1,0.22369363
19:28:57.322315,42.35294117647059,83,1074.0,0.0,58,13.54,0.0,-11.5,-0.00830078125,-0.03857421875,0.97509765625,0.0111846815,38.160198333,-122.453858333,-6.9,0.44738726
19:28:57.426741,42.35294117647059,83,1074.0,0.0,58,13.54,0.0,-11.5,0.01318359375,-0.05029296875,0.99658203125,0.0111846815,38.160198333,-122.453858333,-6.9,0.0
19:28:57.531299,42.35294117647059,83,1074.0,0.0,58,13.54,0.0,-11.5,0.005859375,-0.05712890625,1.03271484375,0.0111846815,38.160198333,-122.453858333,-6.8,0.22369363
19:28:57.637209,42.35294117647059,83,1074.0,0.0,58,13.54,0.0,-11.5,-0.0107421875,-0.03955078125,1.017578125,0.022369363,38.160198333,-122.453856667,-6.7,0.22369363
19:28:57.741754,42.35294117647059,83,1074.0,0.0,58,13.54,0.0,-11.5,-0.02685546875,-0.017578125,0.9892578125,0.0335540445,38.160198333,-122.453856667,-6.6,0.22369363
19:28:57.846091,42.35294117647059,83,1074.0,0.0,58,13.54,0.0,-11.5,-0.0166015625,-0.03564453125,0.96337890625,0.022369363,38.160198333,-122.453855,-6.4,0.44738726
19:28:57.950572,42.35294117647059,83,1074.0,0.0,58,13.54,0.0,-11.5,0.0048828125,-0.05126953125,0.97412109375,0.022369363,38.1602,-122.453853333,-6.1,0.6710808899999999
19:28:58.054858,42.35294117647059,83,1074.0,0.0,58,13.54,0.0,-11.5,0.00732421875,-0.05224609375,1.037109375,0.0693450253,38.1602,-122.453851667,-5.9,0.44738726
19:28:58.161452,42.35294117647059,83,1074.0,0.0,58,13.54,0.0,-11.5,-0.01416015625,-0.03955078125,0.9970703125,0.0917143883,38.1602,-122.45385,-5.7,0.44738726
19:28:58.265866,42.35294117647059,83,1074.0,0.0,57,13.54,0.0,-11.5,-0.0185546875,-0.0205078125,0.9658203125,0.14987473210000002,38.160201667,-122.453846667,-5.6,0.22369363
19:28:58.370582,42.35294117647059,83,1074.0,0.0,57,13.54,0.0,-11.5,-0.00927734375,-0.0380859375,0.978515625,0.046975662300000005,38.160203333,-122.453845,-5.4,0.44738726
19:28:58.475005,42.35294117647059,83,1074.0,0.0,57,13.54,0.0,-11.5,0.0126953125,-0.052734375,0.96533203125,0.0693450253,38.160203333,-122.453841667,-5.0,0.89477452
19:28:58.579713,42.35294117647059,83,1077.0,0.0,57,13.54,0.0,-11.5,0.00244140625,-0.06689453125,1.03173828125,0.08052970679999999,38.160205,-122.453836667,-4.5,1.11846815
19:28:58.685703,42.35294117647059,83,1077.0,0.0,57,13.54,0.0,-11.5,-0.00634765625,-0.044921875,1.02978515625,0.08052970679999999,38.160205,-122.453835,-4.1,0.89477452
19:28:58.790280,42.35294117647059,83,1077.0,0.0,57,13.81,0.0,-11.5,-0.0166015625,-0.02783203125,0.97607421875,0.0111846815,38.160205,-122.453833333,-4.0,0.22369363
19:28:58.894571,42.35294117647059,83,1077.0,0.0,57,13.81,0.0,-11.5,-0.021484375,-0.0322265625,0.9697265625,0.08052970679999999,38.160205,-122.453831667,-4.0,0.0
19:28:58.999320,42.35294117647059,83,1077.0,0.0,57,13.81,0.0,-11.5,0.033203125,-0.04931640625,1.01171875,0.0693450253,38.160203333,-122.45383,-3.6,0.89477452
19:28:59.103790,42.35294117647059,83,1077.0,0.0,57,13.81,0.0,-11.5,-0.0048828125,-0.02001953125,1.00146484375,0.022369363,38.160203333,-122.45383,-3.5,0.22369363
19:28:59.210404,42.35294117647059,83,1077.0,0.0,57,13.81,0.0,-11.5,0.01708984375,-0.0576171875,1.0361328125,0.0111846815,38.160201667,-122.453828333,-3.4,0.22369363
19:28:59.314917,42.35294117647059,82,1077.0,0.0,57,13.81,0.0,-11.5,0.02783203125,-0.03515625,1.033203125,0.0111846815,38.160201667,-122.453828333,-3.2,0.44738726
19:28:59.419542,42.35294117647059,82,1077.0,0.0,57,13.81,0.0,-11.5,0.0302734375,-0.04052734375,1.0390625,0.0111846815,38.1602,-122.453828333,-3.1,0.22369363
19:28:59.523900,42.745098039215684,82,1077.0,0.0,57,13.81,0.0,-11.5,0.02099609375,-0.03173828125,0.994140625,0.022369363,38.160196667,-122.45383,-2.9,0.44738726
19:28:59.628525,42.745098039215684,82,1077.0,0.0,57,13.81,0.0,-11.5,0.01025390625,-0.02587890625,1.01513671875,0.0,38.160193333,-122.453826667,-2.5,0.89477452
19:28:59.734765,42.745098039215684,82,1077.0,0.0,57,13.81,0.0,-11.5,0.00146484375,-0.02685546875,1.0185546875,0.0111846815,38.160191667,-122.453826667,-2.2,0.6710808899999999
19:28:59.839311,42.745098039215684,82,1077.0,0.0,57,13.81,0.0,-11.5,0.02880859375,-0.05615234375,1.01513671875,0.0,38.16019,-122.453826667,-2.0,0.44738726
19:28:59.943538,42.745098039215684,82,1077.0,0.0,57,13.81,0.0,-11.5,0.009765625,-0.04248046875,1.072265625,0.0,38.16019,-122.453826667,-1.8,0.44738726
19:29:00.048200,42.745098039215684,82,1077.0,0.0,57,13.81,0.0,-11.5,-0.04150390625,-0.0185546875,0.97412109375,0.0,38.16019,-122.453826667,-1.6,0.44738726
19:29:00.152719,42.745098039215684,82,1077.0,0.0,57,13.81,0.0,-11.5,0.0126953125,-0.04345703125,0.98046875,0.0111846815,38.16019,-122.453828333,-1.4,0.44738726
19:29:00.259179,42.745098039215684,82,1077.0,0.0,57,13.81,0.0,-11.5,0.009765625,-0.02294921875,0.99951171875,0.022369363,38.16019,-122.453828333,-1.2,0.44738726
19:29:00.363680,42.745098039215684,82,1077.0,0.0,57,13.81,0.0,-11.5,0.0009765625,-0.02685546875,1.00439453125,0.0111846815,38.16019,-122.453826667,-1.1,0.22369363
19:29:00.468280,42.745098039215684,82,1078.0,0.0,57,13.81,0.0,-11.5,0.0439453125,-0.06201171875,1.02099609375,0.0111846815,38.160191667,-122.453826667,-1.0,0.22369363
19:29:00.572550,42.745098039215684,82,1078.0,0.0,57,13.81,0.0,-11.5,0.02880859375,-0.033203125,1.0302734375,0.0,38.160193333,-122.453825,-0.9,0.22369363
19:29:00.677028,42.745098039215684,82,1078.0,0.0,57,13.81,0.0,-11.5,0.01171875,-0.02880859375,0.986328125,0.0,38.160193333,-122.453823333,-0.8,0.22369363
19:29:00.783061,42.745098039215684,82,1078.0,0.0,57,13.81,0.0,-11.5,0.0048828125,-0.017578125,1.0068359375,0.0111846815,38.160195,-122.453821667,-0.8,0.0
19:29:00.887631,42.745098039215684,82,1078.0,0.0,57,13.81,0.0,-11.5,-0.00341796875,-0.04638671875,1.01953125,0.0111846815,38.160196667,-122.45382,-0.8,0.0
19:29:00.991850,42.745098039215684,82,1078.0,0.0,57,13.81,0.0,-11.5,0.0263671875,-0.06591796875,1.029296875,0.0111846815,38.160198333,-122.453818333,-0.7,0.22369363
19:29:01.096438,42.745098039215684,82,1078.0,0.0,57,13.81,0.0,-11.5,-0.0087890625,-0.017578125,0.97314453125,0.0111846815,38.1602,-122.453816667,-0.8,-0.22369363
19:29:01.200842,42.745098039215684,82,1078.0,0.0,57,13.81,0.0,-11.5,0.02587890625,-0.04443359375,1.04052734375,0.022369363,38.160201667,-122.453815,-0.8,0.0
19:29:01.307389,42.745098039215684,82,1078.0,0.0,57,13.81,0.0,-11.5,-0.02001953125,-0.03076171875,0.9697265625,0.0,38.160203333,-122.453813333,-0.9,-0.22369363
19:29:01.411655,42.745098039215684,82,1078.0,0.0,57,13.81,0.0,-11.5,0.00146484375,-0.02734375,0.9677734375,0.0111846815,38.160205,-122.453813333,-0.9,0.0
19:29:01.516199,40.3921568627451,82,1078.0,0.0,57,13.81,0.0,-11.5,0.0234375,-0.0390625,1.04248046875,0.022369363,38.160205,-122.453811667,-0.9,0.0
19:29:01.620393,40.3921568627451,82,1078.0,0.0,57,13.81,0.0,-11.5,-0.0107421875,-0.02490234375,1.0029296875,0.022369363,38.160206667,-122.453811667,-1.0,-0.22369363
19:29:01.724959,40.3921568627451,82,1078.0,0.0,57,13.81,0.0,-11.5,0.02880859375,-0.044921875,1.00830078125,0.022369363,38.160206667,-122.453811667,-1.0,0.0
19:29:01.831311,40.3921568627451,82,1078.0,0.0,57,13.81,0.0,-11.5,0.01123046875,-0.02392578125,1.02734375,0.022369363,38.160206667,-122.453811667,-1.0,0.0
19:29:01.936103,40.3921568627451,82,1078.0,0.0,57,13.81,0.0,-11.5,-0.0048828125,-0.03466796875,0.966796875,0.0111846815,38.160206667,-122.453811667,-1.0,0.0
19:29:02.040407,40.3921568627451,82,1078.0,0.0,57,13.81,0.0,-11.5,0.01318359375,-0.0634765625,1.02392578125,0.0111846815,38.160206667,-122.453811667,-1.0,0.0
19:29:02.145106,40.3921568627451,82,1078.0,0.0,57,13.81,0.0,-11.5,0.0234375,-0.05859375,1.0302734375,0.022369363,38.160206667,-122.453811667,-1.0,0.0
19:29:02.249537,40.3921568627451,82,1078.0,0.0,56,13.81,0.0,-11.5,0.00634765625,-0.0390625,1.04248046875,0.022369363,38.160206667,-122.453811667,-1.0,0.0
19:29:02.356157,40.3921568627451,82,1078.0,0.0,56,13.81,0.0,-11.5,0.03564453125,-0.05029296875,1.07861328125,0.022369363,38.160206667,-122.453811667,-1.0,0.0
19:29:02.460569,40.3921568627451,82,1104.0,0.0,56,13.81,0.0,-11.5,-0.02880859375,-0.021484375,0.9873046875,0.022369363,38.160206667,-122.453811667,-1.0,0.0
19:29:02.565100,40.3921568627451,82,1104.0,0.0,56,13.81,0.0,-11.5,0.02099609375,-0.0390625,0.962890625,0.0111846815,38.160206667,-122.453811667,-1.0,0.0
19:29:02.669291,40.3921568627451,82,1104.0,0.0,56,13.81,0.0,-11.5,0.01904296875,-0.0283203125,1.02978515625,0.022369363,38.160206667,-122.453811667,-1.0,0.0
19:29:02.773902,40.3921568627451,82,1104.0,0.0,56,13.12,0.0,-11.5,0.00634765625,-0.0498046875,1.01513671875,0.022369363,38.160206667,-122.453811667,-1.0,0.0
19:29:02.879815,40.3921568627451,82,1104.0,0.0,56,13.12,0.0,-11.5,-0.0029296875,-0.0498046875,1.03564453125,0.022369363,38.160206667,-122.453811667,-1.0,0.0
19:29:02.984425,40.3921568627451,82,1104.0,0.0,56,13.12,0.0,-11.5,0.01318359375,-0.03955078125,1.0205078125,0.0111846815,38.160206667,-122.453811667,-1.0,0.0
19:29:03.088887,40.3921568627451,82,1104.0,0.0,56,13.12,0.0,-11.5,-0.001953125,-0.02685546875,1.0068359375,0.022369363,38.160206667,-122.453811667,-1.0,0.0
19:29:03.193676,40.3921568627451,82,1104.0,0.0,56,13.12,0.0,-11.5,-0.0,-0.03125,0.9990234375,0.0111846815,38.160206667,-122.453811667,-1.0,0.0
19:29:03.298040,40.3921568627451,82,1104.0,0.0,56,13.12,0.0,-11.5,0.029296875,-0.0390625,1.001953125,0.022369363,38.160206667,-122.453811667,-1.0,0.0
19:29:03.404592,40.3921568627451,82,1104.0,0.0,56,13.12,0.0,-11.5,-0.0029296875,-0.041015625,1.04345703125,0.0111846815,38.160206667,-122.453811667,-1.0,0.0
19:29:03.509046,40.78431372549019,82,1104.0,0.0,56,13.12,0.0,-11.5,-0.00390625,-0.0400390625,1.0283203125,0.022369363,38.160206667,-122.453811667,-1.0,0.0
19:29:03.613871,40.78431372549019,82,1104.0,0.0,56,13.12,0.0,-11.5,0.005859375,-0.021484375,1.0087890625,0.022369363,38.160206667,-122.453811667,-1.0,0.0
19:29:03.718152,40.78431372549019,82,1104.0,0.0,56,13.12,0.0,-11.5,0.005859375,-0.0625,1.00732421875,0.022369363,38.160206667,-122.453811667,-1.0,0.0
19:29:03.822787,40.78431372549019,82,1104.0,0.0,56,13.12,0.0,-11.5,0.0166015625,-0.0380859375,1.03271484375,0.0111846815,38.160206667,-122.453811667,-1.0,0.0
19:29:03.928653,40.78431372549019,82,1104.0,0.0,56,13.12,0.0,-11.5,0.00341796875,-0.0302734375,1.01171875,0.0111846815,38.160206667,-122.453811667,-1.0,0.0
19:29:04.033782,40.78431372549019,82,1104.0,0.0,56,13.12,0.0,-11.5,-0.00146484375,-0.0166015625,0.9921875,0.022369363,38.160206667,-122.453811667,-1.0,0.0
19:29:04.138331,40.78431372549019,82,1104.0,0.0,56,13.12,0.0,-11.5,0.015625,-0.05712890625,1.056640625,0.022369363,38.160206667,-122.453811667,-1.0,0.0
19:29:04.243285,40.78431372549019,82,1104.0,0.0,56,13.12,0.0,-11.5,-0.0205078125,-0.05078125,1.02294921875,0.022369363,38.160206667,-122.453811667,-1.0,0.0
19:29:04.347690,40.78431372549019,82,1104.0,0.0,56,13.12,0.0,-11.5,0.01318359375,-0.046875,1.03662109375,0.022369363,38.160206667,-122.453811667,-1.0,0.0
19:29:04.454127,40.78431372549019,82,1103.0,0.0,56,13.12,0.0,-11.5,-0.013671875,-0.02392578125,0.96923828125,0.0111846815,38.160206667,-122.453811667,-1.0,0.0
19:29:04.558457,40.78431372549019,82,1103.0,0.0,56,13.12,0.0,-11.5,0.00244140625,-0.0615234375,1.0224609375,0.0111846815,38.160206667,-122.453811667,-1.0,0.0
19:29:04.663058,40.78431372549019,82,1103.0,0.0,56,13.12,0.0,-11.5,-0.00244140625,-0.01611328125,0.97216796875,0.022369363,38.160206667,-122.453811667,-1.0,0.0
19:29:04.767292,40.78431372549019,82,1103.0,0.0,56,13.54,0.0,-11.5,-0.00244140625,-0.00341796875,0.99951171875,0.022369363,38.160206667,-122.453811667,-1.0,0.0
19:29:04.872002,40.78431372549019,82,1103.0,0.0,56,13.54,0.0,-11.5,-0.0078125,-0.04443359375,1.02392578125,0.0111846815,38.160206667,-122.453811667,-1.0,0.0
19:29:04.977926,40.78431372549019,82,1103.0,0.0,56,13.54,0.0,-11.5,-0.00146484375,-0.01220703125,1.01318359375,0.022369363,38.160206667,-122.453811667,-1.0,0.0
19:29:05.082743,40.78431372549019,82,1103.0,0.0,56,13.54,0.0,-11.5,0.00537109375,-0.05859375,1.02685546875,0.0111846815,38.160206667,-122.453811667,-1.0,0.0
19:29:05.187383,40.78431372549019,82,1103.0,0.0,56,13.54,0.0,-11.5,-0.01220703125,-0.03955078125,1.03515625,0.0111846815,38.160206667,-122.453811667,-1.0,0.0
19:29:05.292283,40.78431372549019,82,1103.0,0.0,56,13.54,0.0,-11.5,-0.0029296875,-0.03564453125,1.03173828125,0.022369363,38.160206667,-122.453811667,-1.0,0.0
19:29:05.396675,40.78431372549019,82,1103.0,0.0,56,13.54,0.0,-11.5,-0.01513671875,-0.03759765625,1.0439453125,0.022369363,38.160206667,-122.453811667,-1.0,0.0
19:29:05.503051,37.64705882352941,82,1103.0,0.0,56,13.54,0.0,-11.5,-0.009765625,-0.02294921875,1.0361328125,0.022369363,38.160206667,-122.453811667,-1.0,0.0
19:29:05.607307,37.64705882352941,82,1103.0,0.0,56,13.54,0.0,-11.5,-0.0029296875,-0.06982421875,1.04638671875,0.022369363,38.160206667,-122.453811667,-1.0,0.0
19:29:05.712012,37.64705882352941,82,1103.0,0.0,56,13.54,0.0,-9.5,-0.001953125,-0.0400390625,1.009765625,0.0111846815,38.160206667,-122.453811667,-1.0,0.0
19:29:05.816200,37.64705882352941,82,1103.0,0.0,56,13.54,0.0,-9.5,0.0078125,-0.02734375,0.99951171875,0.0111846815,38.160206667,-122.453811667,-1.0,0.0
19:29:05.920660,37.64705882352941,82,1103.0,0.0,56,13.54,0.0,-9.5,-0.015625,-0.03564453125,1.0068359375,0.0111846815,38.160206667,-122.453811667,-1.0,0.0
19:29:06.026576,37.64705882352941,82,1103.0,0.0,56,13.54,0.0,-9.5,0.025390625,-0.052734375,1.0048828125,0.022369363,38.160206667,-122.453811667,-1.0,0.0
19:29:06.131261,37.64705882352941,82,1103.0,0.0,56,13.54,0.0,-9.5,0.0048828125,-0.05224609375,1.0302734375,0.0111846815,38.160206667,-122.453811667,-1.0,0.0
19:29:06.235686,37.64705882352941,82,1103.0,0.0,56,13.54,0.0,-9.5,0.03125,-0.06103515625,1.01123046875,0.0111846815,38.160206667,-122.453811667,-1.0,0.0
19:29:06.340542,37.64705882352941,82,1103.0,0.0,56,13.54,0.0,-9.5,0.0087890625,-0.0205078125,0.9453125,0.0111846815,38.160206667,-122.453811667,-1.0,0.0
19:29:06.444914,37.64705882352941,82,1179.0,0.0,56,13.54,0.0,-9.5,0.013671875,-0.0400390625,1.01220703125,0.0111846815,38.160206667,-122.453811667,-1.0,0.0
19:29:06.551132,37.64705882352941,82,1179.0,0.0,56,13.54,0.0,-9.5,-0.015625,-0.09130859375,1.0615234375,0.0111846815,38.160206667,-122.453811667,-1.0,0.0
19:29:06.655511,37.64705882352941,82,1179.0,0.0,56,13.54,0.0,-9.5,0.025390625,0.0126953125,0.97216796875,0.0111846815,38.160206667,-122.453811667,-1.0,0.0
19:29:06.760064,37.64705882352941,82,1179.0,0.0,56,11.31,0.0,-9.5,0.021484375,0.00439453125,0.97021484375,0.022369363,38.160206667,-122.453811667,-1.0,0.0
19:29:06.864304,37.64705882352941,82,1179.0,0.0,56,11.31,0.0,-9.5,0.02783203125,-0.02978515625,0.9736328125,0.022369363,38.160206667,-122.453811667,-1.0,0.0
19:29:06.968835,37.64705882352941,82,1179.0,0.0,56,11.31,0.0,-9.5,0.00439453125,-0.05712890625,1.00830078125,0.0111846815,38.160206667,-122.453811667,-1.0,0.0
19:29:07.075000,37.64705882352941,82,1179.0,0.0,56,11.31,0.0,-9.5,0.025390625,-0.03955078125,1.021484375,0.0111846815,38.160206667,-122.453811667,-1.0,0.0
19:29:07.179793,37.64705882352941,83,1179.0,0.0,56,11.31,0.0,-9.5,-0.01220703125,-0.0146484375,0.9775390625,0.0111846815,38.160206667,-122.453811667,-1.0,0.0
19:29:07.284284,37.64705882352941,83,1179.0,0.0,56,11.31,0.0,-9.5,-0.005859375,-0.02685546875,0.9873046875,0.0111846815,38.160206667,-122.453811667,-1.0,0.0
19:29:07.388976,37.64705882352941,83,1179.0,0.0,56,11.31,0.0,-9.5,0.01220703125,-0.037109375,1.07080078125,0.0111846815,38.160206667,-122.453811667,-1.0,0.0
19:29:07.493337,42.745098039215684,83,1179.0,0.0,56,11.31,0.0,-9.5,-0.01171875,-0.01806640625,1.037109375,0.0111846815,38.160206667,-122.453811667,-1.0,0.0
19:29:07.599609,42.745098039215684,83,1179.0,0.0,56,11.31,0.0,-9.5,0.009765625,0.01953125,0.89794921875,0.0,38.160206667,-122.453811667,-1.0,0.0
19:29:07.703876,42.745098039215684,83,1179.0,0.0,56,11.31,0.0,-5.0,0.00927734375,-0.01513671875,0.9296875,0.0111846815,38.160208333,-122.453811667,-0.9,0.22369363
19:29:07.808424,42.745098039215684,83,1179.0,0.0,56,11.31,0.0,-5.0,-0.00927734375,-0.07470703125,1.021484375,0.022369363,38.160208333,-122.453811667,-0.9,0.0
19:29:07.912832,42.745098039215684,83,1179.0,0.0,56,11.31,0.0,-5.0,0.00830078125,-0.05859375,1.01904296875,0.0111846815,38.160208333,-122.453811667,-0.9,0.0
19:29:08.017361,42.745098039215684,83,1179.0,0.0,56,11.31,0.0,-5.0,0.00146484375,-0.05517578125,1.03564453125,0.022369363,38.160206667,-122.453811667,-0.9,0.0
19:29:08.123421,42.745098039215684,83,1179.0,0.0,56,11.31,0.0,-5.0,0.00341796875,-0.04736328125,1.01318359375,0.0111846815,38.160206667,-122.453811667,-0.9,0.0
19:29:08.228142,42.745098039215684,83,1179.0,0.0,55,11.31,0.0,-5.0,-0.00439453125,-0.033203125,0.99169921875,0.0,38.160206667,-122.453811667,-0.9,0.0
19:29:08.332678,42.745098039215684,83,1179.0,0.0,55,11.31,0.0,-5.0,0.01416015625,-0.02783203125,0.97021484375,0.0111846815,38.160206667,-122.453811667,-0.9,0.0
19:29:08.437383,42.745098039215684,83,1045.0,0.0,55,11.31,0.0,-5.0,0.00439453125,-0.048828125,1.015625,0.022369363,38.160206667,-122.453811667,-0.9,0.0
19:29:08.541786,42.745098039215684,83,1045.0,0.0,55,11.31,0.0,-5.0,-0.00390625,-0.02734375,1.017578125,0.022369363,38.160208333,-122.453811667,-0.9,0.0
19:29:08.648204,42.745098039215684,83,1045.0,0.0,55,11.31,0.0,-5.0,-0.00244140625,-0.05029296875,1.0400390625,0.022369363,38.160208333,-122.453811667,-0.9,0.0
19:29:08.752603,42.745098039215684,83,1045.0,0.0,55,10.76,0.0,-5.0,0.00537109375,-0.03515625,1.03466796875,0.022369363,38.160208333,-122.453811667,-0.9,0.0
19:29:08.857148,42.745098039215684,83,1045.0,0.0,55,10.76,0.0,-5.0,-0.0078125,-0.05712890625,1.02294921875,0.0,38.160208333,-122.453811667,-0.9,0.0
19:29:08.961362,42.745098039215684,83,1045.0,0.0,55,10.76,0.0,-5.0,0.001953125,-0.05419921875,1.03662109375,0.0111846815,38.160208333,-122.453811667,-0.9,0.0
19:29:09.066005,42.745098039215684,83,1045.0,0.0,55,10.76,0.0,-5.0,-0.0048828125,-0.0498046875,1.0283203125,0.022369363,38.160208333,-122.453811667,-0.9,0.0
19:29:09.172151,42.745098039215684,83,1045.0,0.0,55,10.76,0.0,-5.0,0.0302734375,-0.02099609375,0.99267578125,0.022369363,38.160208333,-122.453811667,-0.9,0.0
19:29:09.277120,42.745098039215684,83,1045.0,0.0,55,10.76,0.0,-5.0,0.01171875,-0.02392578125,0.98291015625,0.022369363,38.160208333,-122.453811667,-0.9,0.0
19:29:09.381507,42.745098039215684,83,1045.0,0.0,55,10.76,0.0,-5.0,-0.0029296875,-0.041015625,1.03759765625,0.022369363,38.160208333,-122.453811667,-0.9,0.0
19:29:09.486146,29.80392156862745,83,1045.0,0.0,55,10.76,0.0,-5.0,-0.0126953125,-0.02880859375,0.99755859375,0.0111846815,38.160206667,-122.453811667,-0.9,0.0
19:29:09.590381,29.80392156862745,83,1045.0,0.0,55,10.76,0.0,-5.0,-0.0087890625,-0.0576171875,1.01220703125,0.0111846815,38.160206667,-122.453811667,-0.9,0.0
19:29:09.696639,29.80392156862745,83,1045.0,0.0,55,10.76,0.0,5.0,0.0068359375,-0.0537109375,1.009765625,0.0,38.160206667,-122.453811667,-0.9,0.0
19:29:09.800849,29.80392156862745,83,1045.0,0.0,55,10.76,0.0,5.0,-0.00390625,-0.06005859375,0.98193359375,0.0111846815,38.160206667,-122.453811667,-0.9,0.0
19:29:09.905382,29.80392156862745,83,1045.0,0.0,55,10.76,0.0,5.0,0.0078125,-0.05517578125,1.009765625,0.0111846815,38.160206667,-122.453811667,-0.9,0.0
19:29:10.009560,29.80392156862745,83,1045.0,0.0,55,10.76,0.0,5.0,-0.00341796875,-0.01708984375,1.02392578125,0.0111846815,38.160208333,-122.453811667,-0.9,0.0
19:29:10.114282,29.80392156862745,83,1045.0,0.0,55,10.76,0.0,5.0,0.00244140625,0.01806640625,1.00927734375,0.0111846815,38.160208333,-122.453811667,-0.9,0.0
19:29:10.220373,29.80392156862745,83,1045.0,0.0,56,10.76,0.0,5.0,0.00732421875,-0.00341796875,1.0,0.022369363,38.160208333,-122.453811667,-0.9,0.0
19:29:10.325125,29.80392156862745,83,1045.0,0.0,56,10.76,0.0,5.0,-0.0,-0.0244140625,0.99951171875,0.0111846815,38.160208333,-122.453811667,-0.9,0.0
19:29:10.429451,29.80392156862745,83,0.0,0.0,56,10.76,0.0,5.0,0.009765625,-0.0595703125,1.00341796875,0.0,38.160208333,-122.453811667,-0.9,0.0
